{"type": "FeatureCollection", "crs": {"type": "name", "properties": {"name": "urn:ogc:def:crs:OGC:1.3:CRS84"}}, "features": [{"type": "Feature", "properties": {"shapeName": "Pastaza"}, "geometry": {"type": "Polygon", "coordinates": [[[-75.579, -1.551], [-75.58, -1.55], [-75.585, -1.548], [-75.588, -1.545], [-75.59, -1.541], [-75.588, -1.532], [-75.589, -1.525], [-75.59, -1.518], [-75.593, -1.514], [-75.597, -1.509], [-75.6, -1.506], [-75.604, -1.503], [-75.61, -1.501], [-75.614, -1.503], [-75.621, -1.504], [-75.627, -1.501], [-75.632, -1.499], [-75.64, -1.495], [-75.646, -1.491], [-75.653, -1.488], [-75.66, -1.485], [-75.663, -1.48], [-75.669, -1.475], [-75.674, -1.471], [-75.681, -1.469], [-75.687, -1.466], [-75.692, -1.463], [-75.697, -1.458], [-75.705, -1.456], [-75.712, -1.457], [-75.715, -1.452], [-75.723, -1.445], [-75.728, -1.439], [-75.732, -1.433], [-75.735, -1.428], [-75.737, -1.42], [-75.74, -1.413], [-75.745, -1.408], [-75.753, -1.407], [-75.758, -1.407], [-75.763, -1.406], [-75.769, -1.403], [-75.778, -1.402], [-75.785, -1.404], [-75.791, -1.405], [-75.797, -1.403], [-75.802, -1.398], [-75.807, -1.395], [-75.818, -1.389], [-75.827, -1.386], [-75.832, -1.38], [-75.838, -1.372], [-75.842, -1.364], [-75.851, -1.358], [-75.86, -1.355], [-75.868, -1.353], [-75.873, -1.348], [-75.878, -1.341], [-75.885, -1.338], [-75.892, -1.339], [-75.896, -1.343], [-75.899, -1.35], [-75.908, -1.353], [-75.911, -1.355], [-75.917, -1.355], [-75.923, -1.354], [-75.928, -1.355], [-75.933, -1.357], [-75.941, -1.357], [-75.946, -1.354], [-75.956, -1.348], [-75.961, -1.344], [-75.968, -1.339], [-75.981, -1.331], [-75.989, -1.327], [-75.997, -1.319], [-76.004, -1.312], [-76.014, -1.308], [-76.024, -1.308], [-76.03, -1.312], [-76.035, -1.309], [-76.041, -1.305], [-76.05, -1.298], [-76.054, -1.292], [-76.057, -1.288], [-76.065, -1.286], [-76.071, -1.289], [-76.075, -1.292], [-76.081, -1.29], [-76.088, -1.284], [-76.094, -1.279], [-76.1, -1.275], [-76.11, -1.274], [-76.119, -1.275], [-76.128, -1.277], [-76.134, -1.28], [-76.14, -1.282], [-76.147, -1.286], [-76.151, -1.291], [-76.158, -1.296], [-76.164, -1.298], [-76.173, -1.293], [-76.18, -1.29], [-76.186, -1.29], [-76.19, -1.292], [-76.198, -1.294], [-76.211, -1.292], [-76.219, -1.292], [-76.227, -1.295], [-76.239, -1.295], [-76.251, -1.297], [-76.26, -1.301], [-76.27, -1.305], [-76.278, -1.308], [-76.283, -1.312], [-76.289, -1.313], [-76.297, -1.308], [-76.305, -1.302], [-76.314, -1.302], [-76.322, -1.305], [-76.326, -1.305], [-76.335, -1.304], [-76.34, -1.298], [-76.354, -1.292], [-76.361, -1.286], [-76.364, -1.278], [-76.366, -1.274], [-76.374, -1.272], [-76.379, -1.27], [-76.387, -1.264], [-76.396, -1.261], [-76.404, -1.261], [-76.409, -1.265], [-76.414, -1.268], [-76.421, -1.27], [-76.428, -1.267], [-76.436, -1.263], [-76.44, -1.266], [-76.444, -1.268], [-76.45, -1.265], [-76.454, -1.264], [-76.46, -1.26], [-76.467, -1.256], [-76.473, -1.251], [-76.478, -1.243], [-76.482, -1.235], [-76.487, -1.231], [-76.491, -1.224], [-76.495, -1.219], [-76.502, -1.214], [-76.514, -1.206], [-76.525, -1.196], [-76.526, -1.186], [-76.526, -1.152], [-76.52, -1.134], [-76.516, -1.127], [-76.516, -1.123], [-76.518, -1.11], [-76.516, -1.101], [-76.514, -1.088], [-76.514, -1.08], [-76.513, -1.072], [-76.513, -1.061], [-76.518, -1.056], [-76.528, -1.053], [-76.535, -1.054], [-76.538, -1.059], [-76.542, -1.063], [-76.547, -1.066], [-76.555, -1.065], [-76.563, -1.063], [-76.571, -1.064], [-76.58, -1.065], [-76.589, -1.068], [-76.598, -1.071], [-76.605, -1.071], [-76.61, -1.069], [-76.616, -1.067], [-76.621, -1.064], [-76.628, -1.062], [-76.634, -1.057], [-76.635, -1.036], [-76.638, -1.027], [-76.643, -1.023], [-76.65, -1.02], [-76.655, -1.016], [-76.663, -1.01], [-76.67, -1.005], [-76.675, -1.001], [-76.68, -0.999], [-76.692, -0.997], [-76.7, -0.999], [-76.703, -1.003], [-76.705, -1.008], [-76.708, -1.012], [-76.711, -1.016], [-76.713, -1.021], [-76.72, -1.027], [-76.727, -1.03], [-76.739, -1.031], [-76.746, -1.032], [-76.756, -1.035], [-76.765, -1.036], [-76.772, -1.039], [-76.78, -1.042], [-76.796, -1.047], [-76.81, -1.052], [-76.829, -1.056], [-76.844, -1.056], [-76.854, -1.058], [-76.864, -1.059], [-76.87, -1.059], [-76.875, -1.06], [-76.88, -1.065], [-76.885, -1.075], [-76.889, -1.085], [-76.895, -1.094], [-76.9, -1.101], [-76.907, -1.114], [-76.914, -1.118], [-76.926, -1.12], [-76.942, -1.118], [-76.952, -1.117], [-76.96, -1.113], [-76.969, -1.109], [-76.981, -1.101], [-76.992, -1.096], [-77.007, -1.094], [-77.021, -1.095], [-77.031, -1.096], [-77.039, -1.097], [-77.049, -1.09], [-77.06, -1.082], [-77.068, -1.073], [-77.075, -1.058], [-77.075, -1.041], [-77.075, -1.032], [-77.073, -1.024], [-77.069, -1.017], [-77.07, -1.012], [-77.08, -1.013], [-77.091, -1.012], [-77.105, -1.011], [-77.12, -1.012], [-77.13, -1.015], [-77.136, -1.018], [-77.143, -1.021], [-77.151, -1.021], [-77.182, -1.022], [-77.2, -1.025], [-77.215, -1.028], [-77.224, -1.035], [-77.23, -1.043], [-77.234, -1.049], [-77.238, -1.053], [-77.247, -1.056], [-77.259, -1.056], [-77.275, -1.057], [-77.295, -1.061], [-77.307, -1.063], [-77.325, -1.067], [-77.335, -1.068], [-77.343, -1.075], [-77.343, -1.082], [-77.343, -1.091], [-77.343, -1.097], [-77.352, -1.1], [-77.36, -1.1], [-77.369, -1.097], [-77.38, -1.092], [-77.39, -1.088], [-77.398, -1.084], [-77.409, -1.08], [-77.422, -1.079], [-77.435, -1.081], [-77.442, -1.082], [-77.449, -1.091], [-77.455, -1.099], [-77.468, -1.103], [-77.482, -1.108], [-77.494, -1.114], [-77.504, -1.118], [-77.516, -1.123], [-77.527, -1.129], [-77.537, -1.138], [-77.545, -1.146], [-77.554, -1.152], [-77.565, -1.153], [-77.572, -1.149], [-77.576, -1.145], [-77.584, -1.137], [-77.595, -1.134], [-77.606, -1.136], [-77.612, -1.14], [-77.623, -1.143], [-77.638, -1.142], [-77.647, -1.138], [-77.656, -1.139], [-77.662, -1.142], [-77.669, -1.146], [-77.674, -1.144], [-77.683, -1.144], [-77.69, -1.144], [-77.698, -1.149], [-77.703, -1.153], [-77.708, -1.16], [-77.713, -1.168], [-77.72, -1.173], [-77.726, -1.171], [-77.732, -1.167], [-77.739, -1.165], [-77.747, -1.167], [-77.756, -1.17], [-77.763, -1.173], [-77.773, -1.179], [-77.781, -1.184], [-77.79, -1.192], [-77.801, -1.198], [-77.813, -1.205], [-77.823, -1.211], [-77.833, -1.215], [-77.843, -1.216], [-77.85, -1.209], [-77.857, -1.204], [-77.869, -1.2], [-77.877, -1.2], [-77.885, -1.207], [-77.888, -1.216], [-77.888, -1.225], [-77.888, -1.233], [-77.891, -1.241], [-77.899, -1.242], [-77.909, -1.238], [-77.914, -1.234], [-77.924, -1.227], [-77.931, -1.222], [-77.943, -1.211], [-77.951, -1.206], [-77.958, -1.207], [-77.964, -1.212], [-77.97, -1.22], [-77.979, -1.225], [-77.989, -1.225], [-77.999, -1.223], [-78.013, -1.226], [-78.02, -1.231], [-78.03, -1.237], [-78.045, -1.242], [-78.054, -1.242], [-78.064, -1.241], [-78.075, -1.236], [-78.086, -1.232], [-78.098, -1.224], [-78.108, -1.22], [-78.122, -1.22], [-78.119, -1.269], [-78.116, -1.28], [-78.118, -1.289], [-78.12, -1.303], [-78.119, -1.314], [-78.117, -1.326], [-78.119, -1.333], [-78.121, -1.355], [-78.126, -1.367], [-78.13, -1.378], [-78.139, -1.39], [-78.146, -1.399], [-78.148, -1.41], [-78.149, -1.418], [-78.153, -1.423], [-78.161, -1.434], [-78.171, -1.444], [-78.175, -1.445], [-78.158, -1.45], [-78.144, -1.453], [-78.131, -1.455], [-78.116, -1.464], [-78.105, -1.476], [-78.093, -1.49], [-78.08, -1.508], [-78.071, -1.523], [-78.063, -1.535], [-78.054, -1.561], [-78.049, -1.58], [-78.045, -1.606], [-78.039, -1.625], [-78.034, -1.646], [-78.029, -1.661], [-78.017, -1.672], [-77.994, -1.674], [-77.975, -1.671], [-77.96, -1.663], [-77.947, -1.659], [-77.931, -1.658], [-77.919, -1.662], [-77.907, -1.674], [-77.899, -1.683], [-77.887, -1.696], [-77.884, -1.711], [-77.881, -1.73], [-77.881, -1.748], [-77.884, -1.759], [-77.877, -1.763], [-77.869, -1.771], [-77.863, -1.791], [-77.859, -1.804], [-77.856, -1.816], [-77.853, -1.827], [-77.845, -1.84], [-77.836, -1.852], [-77.833, -1.858], [-77.824, -1.878], [-77.818, -1.924], [-77.807, -1.928], [-77.797, -1.936], [-77.791, -1.949], [-77.785, -1.96], [-77.777, -1.967], [-77.769, -1.973], [-77.758, -1.978], [-77.745, -1.982], [-77.734, -1.986], [-77.729, -1.992], [-77.726, -2.008], [-77.721, -2.016], [-77.711, -2.024], [-77.699, -2.029], [-77.689, -2.035], [-77.681, -2.042], [-77.671, -2.047], [-77.66, -2.052], [-77.649, -2.049], [-77.641, -2.044], [-77.629, -2.041], [-77.618, -2.043], [-77.607, -2.05], [-77.6, -2.052], [-77.594, -2.056], [-77.586, -2.064], [-77.581, -2.07], [-77.577, -2.074], [-77.57, -2.076], [-77.558, -2.077], [-77.549, -2.075], [-77.54, -2.075], [-77.532, -2.078], [-77.519, -2.082], [-77.511, -2.085], [-77.502, -2.089], [-77.497, -2.094], [-77.491, -2.099], [-77.484, -2.103], [-77.473, -2.103], [-77.463, -2.101], [-77.455, -2.099], [-77.444, -2.098], [-77.438, -2.102], [-77.431, -2.108], [-77.43, -2.116], [-77.427, -2.125], [-77.421, -2.135], [-77.412, -2.144], [-77.402, -2.148], [-77.389, -2.152], [-77.379, -2.158], [-77.371, -2.159], [-77.356, -2.161], [-77.343, -2.165], [-77.327, -2.176], [-77.313, -2.182], [-77.302, -2.189], [-77.293, -2.195], [-77.276, -2.209], [-77.264, -2.224], [-77.249, -2.24], [-77.234, -2.253], [-77.213, -2.265], [-77.2, -2.27], [-77.19, -2.277], [-77.175, -2.291], [-77.165, -2.297], [-77.152, -2.3], [-77.144, -2.302], [-77.135, -2.308], [-77.126, -2.312], [-77.114, -2.318], [-77.104, -2.327], [-77.094, -2.336], [-77.088, -2.347], [-77.078, -2.361], [-77.07, -2.379], [-77.061, -2.392], [-77.052, -2.404], [-77.043, -2.418], [-77.037, -2.435], [-77.029, -2.447], [-77.016, -2.454], [-77.006, -2.46], [-77.001, -2.466], [-76.999, -2.474], [-76.995, -2.485], [-76.994, -2.495], [-76.994, -2.507], [-76.992, -2.515], [-76.98, -2.515], [-76.966, -2.518], [-76.96, -2.525], [-76.954, -2.535], [-76.947, -2.545], [-76.94, -2.55], [-76.93, -2.554], [-76.924, -2.56], [-76.918, -2.565], [-76.909, -2.563], [-76.902, -2.561], [-76.893, -2.559], [-76.888, -2.562], [-76.883, -2.563], [-76.876, -2.564], [-76.871, -2.561], [-76.859, -2.559], [-76.848, -2.557], [-76.838, -2.546], [-76.827, -2.54], [-76.821, -2.543], [-76.817, -2.554], [-76.811, -2.566], [-76.802, -2.572], [-76.791, -2.571], [-76.784, -2.562], [-76.777, -2.557], [-76.767, -2.557], [-76.764, -2.561], [-76.757, -2.563], [-76.751, -2.562], [-76.745, -2.56], [-76.738, -2.562], [-76.734, -2.568], [-76.729, -2.579], [-76.722, -2.588], [-76.713, -2.595], [-76.703, -2.602], [-76.696, -2.611], [-76.682, -2.607], [-76.661, -2.603], [-76.641, -2.593], [-76.631, -2.585], [-76.573, -2.539], [-76.404, -2.413], [-76.256, -2.307], [-76.147, -2.228], [-76.052, -2.157], [-75.963, -2.05], [-75.87, -1.938], [-75.781, -1.819], [-75.697, -1.707], [-75.644, -1.636], [-75.596, -1.575], [-75.59, -1.567], [-75.587, -1.555], [-75.579, -1.551]]]}}, {"type": "Feature", "properties": {"shapeName": "Carchi"}, "geometry": {"type": "Polygon", "coordinates": [[[-77.559, 0.652], [-77.559, 0.652], [-77.564, 0.654], [-77.569, 0.659], [-77.576, 0.665], [-77.581, 0.67], [-77.584, 0.672], [-77.591, 0.676], [-77.596, 0.678], [-77.601, 0.681], [-77.604, 0.684], [-77.608, 0.688], [-77.613, 0.691], [-77.622, 0.697], [-77.633, 0.702], [-77.639, 0.705], [-77.645, 0.707], [-77.652, 0.711], [-77.656, 0.714], [-77.661, 0.72], [-77.663, 0.725], [-77.665, 0.73], [-77.668, 0.735], [-77.672, 0.739], [-77.676, 0.741], [-77.679, 0.742], [-77.686, 0.744], [-77.692, 0.747], [-77.696, 0.753], [-77.696, 0.761], [-77.694, 0.77], [-77.687, 0.778], [-77.68, 0.786], [-77.674, 0.793], [-77.673, 0.798], [-77.674, 0.803], [-77.673, 0.81], [-77.668, 0.815], [-77.668, 0.822], [-77.674, 0.827], [-77.679, 0.83], [-77.685, 0.832], [-77.69, 0.835], [-77.695, 0.841], [-77.7, 0.845], [-77.706, 0.849], [-77.717, 0.85], [-77.723, 0.848], [-77.727, 0.844], [-77.734, 0.838], [-77.74, 0.836], [-77.746, 0.838], [-77.751, 0.841], [-77.759, 0.846], [-77.767, 0.845], [-77.773, 0.844], [-77.779, 0.841], [-77.786, 0.838], [-77.792, 0.834], [-77.799, 0.829], [-77.806, 0.823], [-77.816, 0.817], [-77.823, 0.81], [-77.831, 0.806], [-77.843, 0.803], [-77.849, 0.801], [-77.86, 0.801], [-77.865, 0.803], [-77.872, 0.807], [-77.881, 0.811], [-77.923, 0.819], [-77.931, 0.822], [-77.937, 0.824], [-77.948, 0.827], [-77.958, 0.83], [-77.964, 0.834], [-77.97, 0.839], [-77.974, 0.842], [-77.98, 0.847], [-77.984, 0.853], [-77.989, 0.857], [-77.996, 0.861], [-78.004, 0.864], [-78.01, 0.868], [-78.019, 0.873], [-78.026, 0.877], [-78.034, 0.88], [-78.042, 0.884], [-78.049, 0.887], [-78.055, 0.89], [-78.064, 0.894], [-78.072, 0.897], [-78.079, 0.9], [-78.089, 0.902], [-78.097, 0.906], [-78.103, 0.911], [-78.109, 0.918], [-78.112, 0.923], [-78.115, 0.928], [-78.118, 0.933], [-78.122, 0.94], [-78.128, 0.942], [-78.135, 0.941], [-78.141, 0.938], [-78.147, 0.933], [-78.152, 0.929], [-78.159, 0.927], [-78.165, 0.929], [-78.172, 0.933], [-78.179, 0.937], [-78.183, 0.941], [-78.189, 0.945], [-78.195, 0.949], [-78.197, 0.955], [-78.194, 0.963], [-78.193, 0.97], [-78.197, 0.977], [-78.199, 0.984], [-78.201, 0.994], [-78.207, 0.999], [-78.215, 1.002], [-78.222, 1.003], [-78.23, 1.006], [-78.234, 1.008], [-78.238, 1.012], [-78.244, 1.018], [-78.248, 1.022], [-78.254, 1.025], [-78.26, 1.03], [-78.266, 1.037], [-78.273, 1.04], [-78.278, 1.044], [-78.281, 1.05], [-78.281, 1.054], [-78.277, 1.06], [-78.273, 1.065], [-78.268, 1.068], [-78.262, 1.071], [-78.258, 1.075], [-78.258, 1.082], [-78.259, 1.086], [-78.261, 1.09], [-78.262, 1.095], [-78.264, 1.099], [-78.267, 1.104], [-78.271, 1.109], [-78.275, 1.112], [-78.278, 1.116], [-78.28, 1.124], [-78.284, 1.134], [-78.286, 1.139], [-78.289, 1.145], [-78.291, 1.149], [-78.293, 1.154], [-78.292, 1.16], [-78.291, 1.166], [-78.292, 1.172], [-78.295, 1.178], [-78.298, 1.182], [-78.302, 1.188], [-78.306, 1.191], [-78.311, 1.194], [-78.315, 1.195], [-78.32, 1.194], [-78.323, 1.193], [-78.327, 1.191], [-78.331, 1.189], [-78.342, 1.187], [-78.351, 1.185], [-78.361, 1.182], [-78.367, 1.18], [-78.373, 1.176], [-78.377, 1.173], [-78.383, 1.168], [-78.386, 1.164], [-78.391, 1.16], [-78.397, 1.159], [-78.4, 1.161], [-78.402, 1.165], [-78.405, 1.167], [-78.409, 1.167], [-78.413, 1.167], [-78.417, 1.165], [-78.419, 1.163], [-78.421, 1.159], [-78.424, 1.154], [-78.428, 1.153], [-78.43, 1.153], [-78.433, 1.158], [-78.434, 1.162], [-78.433, 1.167], [-78.429, 1.172], [-78.427, 1.179], [-78.427, 1.183], [-78.427, 1.187], [-78.429, 1.19], [-78.433, 1.193], [-78.437, 1.194], [-78.44, 1.194], [-78.442, 1.194], [-78.446, 1.191], [-78.448, 1.189], [-78.454, 1.184], [-78.458, 1.182], [-78.462, 1.182], [-78.465, 1.184], [-78.466, 1.187], [-78.467, 1.191], [-78.477, 1.196], [-78.485, 1.2], [-78.493, 1.202], [-78.496, 1.202], [-78.498, 1.195], [-78.501, 1.188], [-78.505, 1.181], [-78.509, 1.174], [-78.511, 1.164], [-78.508, 1.158], [-78.505, 1.151], [-78.501, 1.144], [-78.499, 1.131], [-78.502, 1.128], [-78.505, 1.12], [-78.508, 1.106], [-78.504, 1.102], [-78.499, 1.098], [-78.496, 1.093], [-78.495, 1.086], [-78.498, 1.08], [-78.503, 1.078], [-78.512, 1.075], [-78.52, 1.071], [-78.524, 1.068], [-78.527, 1.065], [-78.531, 1.06], [-78.537, 1.051], [-78.54, 1.044], [-78.542, 1.037], [-78.544, 1.029], [-78.544, 1.023], [-78.542, 1.011], [-78.539, 1.003], [-78.537, 0.994], [-78.537, 0.979], [-78.543, 0.959], [-78.545, 0.953], [-78.542, 0.946], [-78.535, 0.932], [-78.52, 0.919], [-78.497, 0.9], [-78.484, 0.894], [-78.471, 0.893], [-78.456, 0.89], [-78.453, 0.887], [-78.451, 0.885], [-78.446, 0.882], [-78.436, 0.877], [-78.419, 0.861], [-78.407, 0.848], [-78.396, 0.84], [-78.376, 0.833], [-78.364, 0.829], [-78.358, 0.823], [-78.353, 0.82], [-78.349, 0.821], [-78.34, 0.825], [-78.327, 0.827], [-78.322, 0.822], [-78.318, 0.817], [-78.311, 0.806], [-78.298, 0.8], [-78.286, 0.795], [-78.272, 0.787], [-78.267, 0.779], [-78.263, 0.772], [-78.257, 0.763], [-78.25, 0.757], [-78.244, 0.753], [-78.235, 0.751], [-78.229, 0.747], [-78.221, 0.74], [-78.21, 0.725], [-78.205, 0.72], [-78.202, 0.7], [-78.197, 0.692], [-78.183, 0.676], [-78.168, 0.662], [-78.156, 0.646], [-78.146, 0.63], [-78.139, 0.62], [-78.136, 0.608], [-78.136, 0.599], [-78.132, 0.588], [-78.128, 0.579], [-78.126, 0.572], [-78.126, 0.564], [-78.13, 0.558], [-78.132, 0.546], [-78.125, 0.533], [-78.118, 0.524], [-78.109, 0.513], [-78.101, 0.503], [-78.095, 0.494], [-78.089, 0.488], [-78.074, 0.486], [-78.058, 0.481], [-78.04, 0.477], [-78.02, 0.477], [-78.007, 0.477], [-77.996, 0.47], [-77.989, 0.46], [-77.983, 0.454], [-77.974, 0.448], [-77.963, 0.442], [-77.948, 0.434], [-77.939, 0.426], [-77.924, 0.411], [-77.916, 0.404], [-77.906, 0.402], [-77.892, 0.397], [-77.879, 0.39], [-77.872, 0.387], [-77.863, 0.381], [-77.853, 0.372], [-77.846, 0.365], [-77.84, 0.363], [-77.831, 0.367], [-77.822, 0.37], [-77.811, 0.373], [-77.81, 0.373], [-77.803, 0.376], [-77.798, 0.382], [-77.797, 0.393], [-77.801, 0.402], [-77.806, 0.41], [-77.811, 0.42], [-77.808, 0.433], [-77.798, 0.442], [-77.785, 0.459], [-77.777, 0.469], [-77.77, 0.475], [-77.755, 0.494], [-77.746, 0.513], [-77.734, 0.531], [-77.724, 0.541], [-77.716, 0.548], [-77.706, 0.553], [-77.698, 0.557], [-77.687, 0.563], [-77.677, 0.569], [-77.67, 0.58], [-77.666, 0.59], [-77.662, 0.599], [-77.659, 0.606], [-77.659, 0.614], [-77.666, 0.619], [-77.677, 0.622], [-77.687, 0.627], [-77.689, 0.636], [-77.684, 0.644], [-77.679, 0.65], [-77.675, 0.653], [-77.664, 0.654], [-77.654, 0.652], [-77.648, 0.649], [-77.64, 0.646], [-77.632, 0.645], [-77.625, 0.648], [-77.619, 0.65], [-77.608, 0.647], [-77.595, 0.648], [-77.588, 0.65], [-77.582, 0.648], [-77.575, 0.644], [-77.571, 0.642], [-77.566, 0.641], [-77.561, 0.642], [-77.559, 0.65], [-77.559, 0.652]]]}}, {"type": "Feature", "properties": {"shapeName": "Loja"}, "geometry": {"type": "Polygon", "coordinates": [[[-79.432, -4.743], [-79.43, -4.742], [-79.424, -4.736], [-79.417, -4.734], [-79.409, -4.731], [-79.405, -4.725], [-79.4, -4.712], [-79.397, -4.701], [-79.394, -4.69], [-79.391, -4.681], [-79.377, -4.667], [-79.369, -4.66], [-79.359, -4.652], [-79.351, -4.635], [-79.34, -4.625], [-79.334, -4.616], [-79.332, -4.6], [-79.329, -4.582], [-79.331, -4.573], [-79.333, -4.564], [-79.333, -4.558], [-79.332, -4.552], [-79.331, -4.547], [-79.329, -4.54], [-79.326, -4.527], [-79.32, -4.516], [-79.313, -4.511], [-79.307, -4.507], [-79.301, -4.498], [-79.297, -4.491], [-79.283, -4.48], [-79.273, -4.482], [-79.265, -4.487], [-79.254, -4.487], [-79.238, -4.491], [-79.228, -4.498], [-79.22, -4.504], [-79.215, -4.509], [-79.208, -4.509], [-79.204, -4.503], [-79.201, -4.497], [-79.198, -4.491], [-79.195, -4.484], [-79.191, -4.48], [-79.183, -4.477], [-79.171, -4.476], [-79.164, -4.472], [-79.161, -4.46], [-79.16, -4.453], [-79.156, -4.443], [-79.152, -4.436], [-79.141, -4.431], [-79.129, -4.43], [-79.118, -4.424], [-79.114, -4.415], [-79.112, -4.402], [-79.11, -4.386], [-79.108, -4.361], [-79.109, -4.352], [-79.11, -4.349], [-79.109, -4.343], [-79.109, -4.337], [-79.111, -4.331], [-79.113, -4.328], [-79.116, -4.321], [-79.119, -4.317], [-79.118, -4.311], [-79.115, -4.306], [-79.11, -4.299], [-79.106, -4.295], [-79.106, -4.289], [-79.111, -4.282], [-79.111, -4.276], [-79.109, -4.267], [-79.105, -4.26], [-79.105, -4.248], [-79.108, -4.241], [-79.11, -4.233], [-79.109, -4.226], [-79.107, -4.221], [-79.104, -4.218], [-79.103, -4.208], [-79.104, -4.198], [-79.106, -4.191], [-79.112, -4.185], [-79.118, -4.179], [-79.124, -4.173], [-79.131, -4.168], [-79.141, -4.163], [-79.146, -4.16], [-79.153, -4.155], [-79.156, -4.149], [-79.159, -4.14], [-79.162, -4.125], [-79.163, -4.109], [-79.161, -4.099], [-79.159, -4.091], [-79.157, -4.083], [-79.152, -4.07], [-79.145, -4.064], [-79.139, -4.054], [-79.137, -4.044], [-79.138, -4.032], [-79.143, -4.018], [-79.144, -4.01], [-79.146, -3.998], [-79.146, -3.992], [-79.146, -3.983], [-79.148, -3.973], [-79.15, -3.969], [-79.15, -3.963], [-79.148, -3.96], [-79.14, -3.958], [-79.138, -3.946], [-79.142, -3.941], [-79.147, -3.937], [-79.147, -3.924], [-79.146, -3.92], [-79.143, -3.908], [-79.139, -3.901], [-79.134, -3.897], [-79.128, -3.889], [-79.125, -3.88], [-79.128, -3.872], [-79.135, -3.863], [-79.138, -3.853], [-79.137, -3.844], [-79.139, -3.834], [-79.148, -3.819], [-79.158, -3.81], [-79.166, -3.804], [-79.17, -3.8], [-79.176, -3.792], [-79.178, -3.783], [-79.18, -3.771], [-79.182, -3.764], [-79.185, -3.758], [-79.192, -3.754], [-79.194, -3.747], [-79.195, -3.736], [-79.194, -3.727], [-79.187, -3.721], [-79.178, -3.717], [-79.168, -3.713], [-79.159, -3.711], [-79.15, -3.7], [-79.15, -3.693], [-79.153, -3.688], [-79.16, -3.682], [-79.161, -3.677], [-79.157, -3.67], [-79.151, -3.665], [-79.139, -3.662], [-79.126, -3.66], [-79.114, -3.653], [-79.104, -3.643], [-79.098, -3.633], [-79.098, -3.628], [-79.098, -3.625], [-79.098, -3.625], [-79.103, -3.621], [-79.11, -3.615], [-79.118, -3.608], [-79.124, -3.604], [-79.133, -3.593], [-79.136, -3.586], [-79.14, -3.573], [-79.141, -3.565], [-79.139, -3.557], [-79.137, -3.544], [-79.138, -3.528], [-79.142, -3.521], [-79.149, -3.513], [-79.157, -3.504], [-79.16, -3.498], [-79.158, -3.491], [-79.158, -3.483], [-79.16, -3.479], [-79.166, -3.473], [-79.171, -3.467], [-79.176, -3.46], [-79.177, -3.453], [-79.181, -3.446], [-79.188, -3.446], [-79.196, -3.449], [-79.201, -3.451], [-79.209, -3.457], [-79.22, -3.463], [-79.23, -3.468], [-79.238, -3.473], [-79.246, -3.479], [-79.252, -3.481], [-79.261, -3.483], [-79.266, -3.482], [-79.27, -3.481], [-79.277, -3.477], [-79.281, -3.476], [-79.286, -3.472], [-79.29, -3.465], [-79.294, -3.457], [-79.297, -3.449], [-79.3, -3.439], [-79.302, -3.432], [-79.304, -3.427], [-79.303, -3.421], [-79.301, -3.416], [-79.298, -3.409], [-79.3, -3.405], [-79.304, -3.4], [-79.305, -3.393], [-79.3, -3.384], [-79.302, -3.373], [-79.304, -3.366], [-79.308, -3.362], [-79.317, -3.355], [-79.325, -3.351], [-79.332, -3.348], [-79.338, -3.345], [-79.348, -3.345], [-79.358, -3.347], [-79.366, -3.35], [-79.377, -3.353], [-79.388, -3.353], [-79.398, -3.349], [-79.403, -3.346], [-79.413, -3.345], [-79.422, -3.345], [-79.431, -3.343], [-79.441, -3.34], [-79.447, -3.336], [-79.454, -3.336], [-79.461, -3.338], [-79.461, -3.338], [-79.462, -3.344], [-79.463, -3.355], [-79.464, -3.363], [-79.464, -3.368], [-79.464, -3.376], [-79.465, -3.386], [-79.458, -3.401], [-79.448, -3.415], [-79.445, -3.427], [-79.44, -3.439], [-79.432, -3.448], [-79.428, -3.459], [-79.431, -3.467], [-79.438, -3.476], [-79.445, -3.481], [-79.458, -3.498], [-79.462, -3.5], [-79.47, -3.507], [-79.476, -3.515], [-79.478, -3.521], [-79.477, -3.524], [-79.475, -3.527], [-79.473, -3.531], [-79.473, -3.536], [-79.479, -3.542], [-79.482, -3.551], [-79.481, -3.557], [-79.478, -3.564], [-79.476, -3.568], [-79.472, -3.574], [-79.472, -3.58], [-79.473, -3.583], [-79.476, -3.589], [-79.483, -3.597], [-79.489, -3.603], [-79.494, -3.609], [-79.496, -3.618], [-79.494, -3.625], [-79.491, -3.632], [-79.48, -3.633], [-79.474, -3.63], [-79.465, -3.623], [-79.458, -3.617], [-79.452, -3.609], [-79.44, -3.599], [-79.434, -3.589], [-79.43, -3.581], [-79.426, -3.58], [-79.421, -3.58], [-79.42, -3.582], [-79.416, -3.587], [-79.415, -3.594], [-79.412, -3.608], [-79.41, -3.612], [-79.397, -3.613], [-79.39, -3.612], [-79.388, -3.614], [-79.387, -3.62], [-79.385, -3.623], [-79.375, -3.633], [-79.368, -3.638], [-79.364, -3.646], [-79.362, -3.656], [-79.36, -3.663], [-79.362, -3.673], [-79.365, -3.687], [-79.369, -3.692], [-79.377, -3.699], [-79.385, -3.705], [-79.39, -3.711], [-79.397, -3.718], [-79.405, -3.724], [-79.408, -3.731], [-79.407, -3.74], [-79.403, -3.748], [-79.398, -3.755], [-79.393, -3.766], [-79.395, -3.776], [-79.4, -3.785], [-79.406, -3.789], [-79.417, -3.794], [-79.426, -3.8], [-79.431, -3.805], [-79.441, -3.812], [-79.45, -3.812], [-79.462, -3.811], [-79.471, -3.805], [-79.487, -3.799], [-79.503, -3.79], [-79.516, -3.788], [-79.524, -3.789], [-79.531, -3.793], [-79.539, -3.799], [-79.548, -3.8], [-79.559, -3.799], [-79.568, -3.797], [-79.574, -3.793], [-79.579, -3.789], [-79.584, -3.784], [-79.588, -3.779], [-79.595, -3.773], [-79.601, -3.769], [-79.603, -3.763], [-79.607, -3.753], [-79.618, -3.753], [-79.627, -3.758], [-79.632, -3.762], [-79.639, -3.766], [-79.645, -3.771], [-79.654, -3.773], [-79.665, -3.774], [-79.674, -3.778], [-79.679, -3.783], [-79.684, -3.794], [-79.689, -3.8], [-79.692, -3.809], [-79.697, -3.817], [-79.702, -3.823], [-79.706, -3.828], [-79.717, -3.831], [-79.734, -3.832], [-79.744, -3.833], [-79.754, -3.834], [-79.761, -3.838], [-79.767, -3.843], [-79.774, -3.843], [-79.782, -3.843], [-79.791, -3.843], [-79.799, -3.842], [-79.806, -3.843], [-79.811, -3.845], [-79.82, -3.842], [-79.829, -3.839], [-79.835, -3.835], [-79.841, -3.832], [-79.846, -3.827], [-79.853, -3.823], [-79.865, -3.824], [-79.872, -3.826], [-79.879, -3.829], [-79.887, -3.833], [-79.895, -3.834], [-79.903, -3.831], [-79.911, -3.829], [-79.921, -3.829], [-79.931, -3.833], [-79.941, -3.834], [-79.947, -3.832], [-79.953, -3.833], [-79.961, -3.837], [-79.968, -3.841], [-79.973, -3.844], [-79.981, -3.849], [-79.987, -3.853], [-79.991, -3.859], [-79.996, -3.864], [-80.002, -3.867], [-80.009, -3.871], [-80.015, -3.874], [-80.03, -3.877], [-80.042, -3.88], [-80.051, -3.885], [-80.06, -3.887], [-80.072, -3.888], [-80.083, -3.889], [-80.094, -3.89], [-80.102, -3.89], [-80.108, -3.889], [-80.116, -3.89], [-80.125, -3.893], [-80.133, -3.895], [-80.127, -3.9], [-80.128, -3.908], [-80.133, -3.916], [-80.141, -3.923], [-80.149, -3.928], [-80.159, -3.932], [-80.169, -3.936], [-80.179, -3.943], [-80.19, -3.95], [-80.198, -3.955], [-80.208, -3.959], [-80.218, -3.96], [-80.225, -3.962], [-80.23, -3.971], [-80.234, -3.977], [-80.24, -3.982], [-80.246, -3.988], [-80.251, -3.996], [-80.254, -4.002], [-80.259, -4.009], [-80.268, -4.015], [-80.279, -4.019], [-80.287, -4.019], [-80.296, -4.022], [-80.309, -4.02], [-80.321, -4.015], [-80.331, -4.008], [-80.34, -4.001], [-80.35, -3.994], [-80.357, -3.989], [-80.363, -3.99], [-80.373, -3.996], [-80.38, -3.997], [-80.388, -3.993], [-80.394, -3.992], [-80.401, -3.993], [-80.408, -3.998], [-80.412, -4.0], [-80.423, -4.001], [-80.433, -4.002], [-80.437, -4.008], [-80.44, -4.015], [-80.443, -4.022], [-80.448, -4.031], [-80.452, -4.039], [-80.459, -4.048], [-80.465, -4.055], [-80.468, -4.063], [-80.466, -4.074], [-80.467, -4.081], [-80.471, -4.085], [-80.476, -4.089], [-80.473, -4.099], [-80.467, -4.106], [-80.463, -4.113], [-80.459, -4.122], [-80.452, -4.127], [-80.447, -4.127], [-80.441, -4.126], [-80.438, -4.127], [-80.439, -4.132], [-80.441, -4.14], [-80.444, -4.213], [-80.432, -4.21], [-80.428, -4.205], [-80.424, -4.203], [-80.417, -4.207], [-80.412, -4.213], [-80.407, -4.223], [-80.398, -4.223], [-80.39, -4.219], [-80.38, -4.211], [-80.371, -4.205], [-80.362, -4.204], [-80.357, -4.209], [-80.354, -4.216], [-80.351, -4.219], [-80.343, -4.218], [-80.337, -4.216], [-80.332, -4.217], [-80.326, -4.217], [-80.317, -4.213], [-80.31, -4.206], [-80.306, -4.205], [-80.306, -4.21], [-80.307, -4.215], [-80.313, -4.224], [-80.321, -4.234], [-80.328, -4.24], [-80.336, -4.249], [-80.342, -4.257], [-80.348, -4.266], [-80.356, -4.274], [-80.359, -4.279], [-80.366, -4.287], [-80.374, -4.295], [-80.38, -4.3], [-80.391, -4.312], [-80.402, -4.323], [-80.408, -4.329], [-80.415, -4.339], [-80.419, -4.345], [-80.424, -4.352], [-80.427, -4.361], [-80.43, -4.367], [-80.438, -4.377], [-80.445, -4.387], [-80.446, -4.395], [-80.442, -4.405], [-80.446, -4.411], [-80.449, -4.418], [-80.446, -4.438], [-80.442, -4.449], [-80.434, -4.456], [-80.424, -4.462], [-80.414, -4.466], [-80.405, -4.476], [-80.396, -4.485], [-80.387, -4.487], [-80.371, -4.486], [-80.359, -4.483], [-80.347, -4.478], [-80.335, -4.472], [-80.327, -4.465], [-80.314, -4.458], [-80.306, -4.451], [-80.296, -4.439], [-80.283, -4.428], [-80.28, -4.417], [-80.265, -4.41], [-80.254, -4.407], [-80.244, -4.403], [-80.237, -4.395], [-80.223, -4.383], [-80.193, -4.352], [-80.187, -4.346], [-80.184, -4.338], [-80.18, -4.325], [-80.176, -4.319], [-80.172, -4.313], [-80.172, -4.307], [-80.169, -4.303], [-80.161, -4.301], [-80.157, -4.305], [-80.152, -4.307], [-80.147, -4.304], [-80.141, -4.3], [-80.126, -4.3], [-80.115, -4.303], [-80.106, -4.301], [-80.098, -4.299], [-80.087, -4.301], [-80.079, -4.306], [-80.069, -4.309], [-80.06, -4.314], [-80.053, -4.324], [-80.037, -4.34], [-80.032, -4.346], [-80.024, -4.354], [-80.016, -4.36], [-80.009, -4.367], [-80.001, -4.372], [-79.993, -4.377], [-79.984, -4.381], [-79.972, -4.386], [-79.957, -4.394], [-79.948, -4.396], [-79.939, -4.4], [-79.931, -4.4], [-79.926, -4.396], [-79.921, -4.393], [-79.911, -4.393], [-79.906, -4.396], [-79.894, -4.401], [-79.886, -4.405], [-79.879, -4.41], [-79.873, -4.416], [-79.864, -4.423], [-79.855, -4.433], [-79.849, -4.443], [-79.846, -4.451], [-79.841, -4.46], [-79.833, -4.468], [-79.825, -4.477], [-79.816, -4.486], [-79.805, -4.494], [-79.788, -4.495], [-79.779, -4.494], [-79.768, -4.491], [-79.758, -4.487], [-79.743, -4.482], [-79.73, -4.477], [-79.712, -4.473], [-79.697, -4.468], [-79.685, -4.46], [-79.679, -4.453], [-79.67, -4.445], [-79.654, -4.441], [-79.637, -4.439], [-79.622, -4.444], [-79.612, -4.451], [-79.609, -4.456], [-79.601, -4.463], [-79.594, -4.471], [-79.588, -4.48], [-79.582, -4.49], [-79.575, -4.503], [-79.566, -4.514], [-79.56, -4.517], [-79.542, -4.529], [-79.532, -4.53], [-79.522, -4.528], [-79.518, -4.523], [-79.513, -4.516], [-79.507, -4.515], [-79.497, -4.521], [-79.491, -4.525], [-79.487, -4.533], [-79.483, -4.543], [-79.481, -4.551], [-79.479, -4.558], [-79.476, -4.566], [-79.477, -4.571], [-79.483, -4.58], [-79.491, -4.585], [-79.494, -4.595], [-79.494, -4.603], [-79.492, -4.616], [-79.488, -4.629], [-79.481, -4.636], [-79.471, -4.645], [-79.463, -4.658], [-79.461, -4.674], [-79.458, -4.698], [-79.453, -4.713], [-79.45, -4.721], [-79.445, -4.728], [-79.44, -4.735], [-79.433, -4.741], [-79.432, -4.743]]]}}, {"type": "Feature", "properties": {"shapeName": "Zamora Chinchipe"}, "geometry": {"type": "Polygon", "coordinates": [[[-79.432, -4.743], [-79.43, -4.75], [-79.43, -4.759], [-79.432, -4.769], [-79.435, -4.776], [-79.435, -4.783], [-79.433, -4.786], [-79.428, -4.792], [-79.425, -4.796], [-79.421, -4.803], [-79.418, -4.812], [-79.413, -4.823], [-79.408, -4.827], [-79.399, -4.829], [-79.383, -4.831], [-79.373, -4.835], [-79.365, -4.841], [-79.362, -4.849], [-79.358, -4.857], [-79.353, -4.869], [-79.352, -4.878], [-79.345, -4.883], [-79.341, -4.886], [-79.33, -4.891], [-79.323, -4.895], [-79.315, -4.897], [-79.306, -4.904], [-79.302, -4.912], [-79.3, -4.919], [-79.295, -4.929], [-79.29, -4.94], [-79.281, -4.949], [-79.272, -4.961], [-79.266, -4.97], [-79.26, -4.973], [-79.251, -4.97], [-79.246, -4.968], [-79.228, -4.967], [-79.214, -4.967], [-79.205, -4.965], [-79.196, -4.962], [-79.187, -4.961], [-79.172, -4.962], [-79.167, -4.962], [-79.162, -4.962], [-79.154, -4.962], [-79.143, -4.967], [-79.131, -4.971], [-79.121, -4.975], [-79.115, -4.978], [-79.107, -4.977], [-79.101, -4.974], [-79.095, -4.971], [-79.084, -4.971], [-79.076, -4.976], [-79.07, -4.983], [-79.065, -4.988], [-79.058, -4.993], [-79.052, -4.995], [-79.044, -5.004], [-79.035, -5.01], [-79.028, -5.012], [-79.021, -5.011], [-79.017, -5.007], [-79.014, -4.998], [-79.011, -4.993], [-79.008, -4.987], [-79.006, -4.98], [-79.002, -4.969], [-78.998, -4.963], [-78.995, -4.953], [-78.992, -4.937], [-78.989, -4.931], [-78.989, -4.921], [-78.985, -4.904], [-78.973, -4.895], [-78.958, -4.89], [-78.925, -4.891], [-78.907, -4.891], [-78.9, -4.888], [-78.898, -4.882], [-78.901, -4.877], [-78.908, -4.872], [-78.915, -4.867], [-78.921, -4.86], [-78.92, -4.851], [-78.916, -4.842], [-78.911, -4.835], [-78.905, -4.828], [-78.902, -4.818], [-78.903, -4.81], [-78.908, -4.804], [-78.913, -4.8], [-78.918, -4.797], [-78.923, -4.788], [-78.916, -4.776], [-78.905, -4.77], [-78.898, -4.761], [-78.897, -4.729], [-78.891, -4.717], [-78.886, -4.71], [-78.877, -4.704], [-78.87, -4.694], [-78.864, -4.68], [-78.856, -4.667], [-78.842, -4.653], [-78.828, -4.644], [-78.809, -4.637], [-78.779, -4.633], [-78.765, -4.632], [-78.742, -4.625], [-78.732, -4.621], [-78.714, -4.619], [-78.708, -4.617], [-78.702, -4.611], [-78.697, -4.605], [-78.688, -4.6], [-78.681, -4.598], [-78.673, -4.59], [-78.667, -4.58], [-78.664, -4.57], [-78.665, -4.561], [-78.667, -4.552], [-78.668, -4.542], [-78.665, -4.531], [-78.655, -4.518], [-78.648, -4.508], [-78.645, -4.498], [-78.644, -4.487], [-78.642, -4.481], [-78.639, -4.473], [-78.636, -4.463], [-78.633, -4.453], [-78.627, -4.444], [-78.618, -4.434], [-78.609, -4.427], [-78.603, -4.42], [-78.605, -4.414], [-78.611, -4.413], [-78.617, -4.415], [-78.624, -4.418], [-78.63, -4.416], [-78.634, -4.412], [-78.637, -4.407], [-78.638, -4.399], [-78.638, -4.392], [-78.64, -4.386], [-78.641, -4.382], [-78.647, -4.371], [-78.649, -4.367], [-78.655, -4.357], [-78.655, -4.349], [-78.652, -4.34], [-78.651, -4.33], [-78.647, -4.316], [-78.641, -4.303], [-78.636, -4.298], [-78.629, -4.293], [-78.622, -4.287], [-78.616, -4.278], [-78.614, -4.274], [-78.611, -4.269], [-78.608, -4.264], [-78.604, -4.259], [-78.604, -4.254], [-78.606, -4.247], [-78.61, -4.242], [-78.612, -4.235], [-78.611, -4.229], [-78.608, -4.222], [-78.607, -4.215], [-78.603, -4.209], [-78.594, -4.204], [-78.587, -4.2], [-78.583, -4.195], [-78.58, -4.19], [-78.577, -4.183], [-78.576, -4.177], [-78.576, -4.17], [-78.577, -4.162], [-78.581, -4.155], [-78.585, -4.148], [-78.588, -4.143], [-78.588, -4.136], [-78.584, -4.133], [-78.577, -4.122], [-78.575, -4.116], [-78.572, -4.108], [-78.571, -4.101], [-78.567, -4.094], [-78.556, -4.085], [-78.549, -4.08], [-78.542, -4.073], [-78.542, -4.068], [-78.546, -4.062], [-78.549, -4.058], [-78.554, -4.053], [-78.562, -4.047], [-78.567, -4.042], [-78.568, -4.034], [-78.568, -4.026], [-78.567, -4.017], [-78.565, -4.01], [-78.565, -4.002], [-78.567, -3.995], [-78.567, -3.991], [-78.565, -3.986], [-78.562, -3.979], [-78.553, -3.971], [-78.544, -3.963], [-78.538, -3.955], [-78.532, -3.945], [-78.525, -3.938], [-78.519, -3.933], [-78.512, -3.931], [-78.503, -3.93], [-78.496, -3.928], [-78.492, -3.924], [-78.489, -3.919], [-78.486, -3.911], [-78.484, -3.903], [-78.482, -3.896], [-78.479, -3.887], [-78.475, -3.877], [-78.473, -3.87], [-78.47, -3.858], [-78.466, -3.847], [-78.465, -3.842], [-78.456, -3.83], [-78.449, -3.823], [-78.44, -3.815], [-78.432, -3.808], [-78.423, -3.799], [-78.414, -3.787], [-78.411, -3.778], [-78.412, -3.772], [-78.413, -3.762], [-78.413, -3.747], [-78.418, -3.739], [-78.418, -3.729], [-78.416, -3.725], [-78.414, -3.719], [-78.416, -3.713], [-78.42, -3.708], [-78.425, -3.702], [-78.425, -3.696], [-78.424, -3.689], [-78.415, -3.683], [-78.406, -3.677], [-78.399, -3.664], [-78.395, -3.652], [-78.393, -3.643], [-78.393, -3.631], [-78.397, -3.622], [-78.401, -3.608], [-78.401, -3.595], [-78.398, -3.582], [-78.393, -3.559], [-78.389, -3.549], [-78.383, -3.543], [-78.374, -3.532], [-78.37, -3.526], [-78.519, -3.528], [-78.527, -3.531], [-78.534, -3.535], [-78.542, -3.539], [-78.554, -3.544], [-78.57, -3.547], [-78.586, -3.548], [-78.601, -3.545], [-78.614, -3.538], [-78.628, -3.535], [-78.641, -3.537], [-78.655, -3.546], [-78.663, -3.554], [-78.67, -3.566], [-78.676, -3.574], [-78.68, -3.584], [-78.687, -3.587], [-78.696, -3.584], [-78.704, -3.578], [-78.714, -3.57], [-78.723, -3.564], [-78.734, -3.564], [-78.744, -3.568], [-78.752, -3.569], [-78.763, -3.568], [-78.774, -3.562], [-78.787, -3.554], [-78.797, -3.547], [-78.808, -3.546], [-78.816, -3.55], [-78.825, -3.549], [-78.834, -3.543], [-78.84, -3.53], [-78.85, -3.518], [-78.86, -3.514], [-78.866, -3.501], [-78.869, -3.482], [-78.875, -3.463], [-78.881, -3.439], [-78.882, -3.423], [-78.887, -3.413], [-78.896, -3.399], [-78.906, -3.393], [-78.91, -3.387], [-78.916, -3.372], [-78.925, -3.362], [-78.932, -3.353], [-78.944, -3.344], [-78.945, -3.344], [-78.95, -3.344], [-78.957, -3.347], [-78.966, -3.351], [-78.973, -3.353], [-78.985, -3.361], [-78.999, -3.369], [-79.014, -3.381], [-79.028, -3.392], [-79.043, -3.409], [-79.054, -3.425], [-79.056, -3.434], [-79.05, -3.445], [-79.045, -3.456], [-79.04, -3.463], [-79.036, -3.477], [-79.039, -3.49], [-79.05, -3.498], [-79.059, -3.503], [-79.064, -3.513], [-79.059, -3.527], [-79.053, -3.534], [-79.05, -3.547], [-79.046, -3.567], [-79.042, -3.576], [-79.04, -3.584], [-79.044, -3.589], [-79.048, -3.594], [-79.05, -3.604], [-79.055, -3.613], [-79.063, -3.619], [-79.073, -3.621], [-79.084, -3.623], [-79.092, -3.624], [-79.096, -3.625], [-79.098, -3.625], [-79.098, -3.628], [-79.098, -3.633], [-79.104, -3.643], [-79.114, -3.653], [-79.126, -3.66], [-79.139, -3.662], [-79.151, -3.665], [-79.157, -3.67], [-79.161, -3.677], [-79.16, -3.682], [-79.153, -3.688], [-79.15, -3.693], [-79.15, -3.7], [-79.159, -3.711], [-79.168, -3.713], [-79.178, -3.717], [-79.187, -3.721], [-79.194, -3.727], [-79.195, -3.736], [-79.194, -3.747], [-79.192, -3.754], [-79.185, -3.758], [-79.182, -3.764], [-79.18, -3.771], [-79.178, -3.783], [-79.176, -3.792], [-79.17, -3.8], [-79.166, -3.804], [-79.158, -3.81], [-79.148, -3.819], [-79.139, -3.834], [-79.137, -3.844], [-79.138, -3.853], [-79.135, -3.863], [-79.128, -3.872], [-79.125, -3.88], [-79.128, -3.889], [-79.134, -3.897], [-79.139, -3.901], [-79.143, -3.908], [-79.146, -3.92], [-79.147, -3.924], [-79.147, -3.937], [-79.142, -3.941], [-79.138, -3.946], [-79.14, -3.958], [-79.148, -3.96], [-79.15, -3.963], [-79.15, -3.969], [-79.148, -3.973], [-79.146, -3.983], [-79.146, -3.992], [-79.146, -3.998], [-79.144, -4.01], [-79.143, -4.018], [-79.138, -4.032], [-79.137, -4.044], [-79.139, -4.054], [-79.145, -4.064], [-79.152, -4.07], [-79.157, -4.083], [-79.159, -4.091], [-79.161, -4.099], [-79.163, -4.109], [-79.162, -4.125], [-79.159, -4.14], [-79.156, -4.149], [-79.153, -4.155], [-79.146, -4.16], [-79.141, -4.163], [-79.131, -4.168], [-79.124, -4.173], [-79.118, -4.179], [-79.112, -4.185], [-79.106, -4.191], [-79.104, -4.198], [-79.103, -4.208], [-79.104, -4.218], [-79.107, -4.221], [-79.109, -4.226], [-79.11, -4.233], [-79.108, -4.241], [-79.105, -4.248], [-79.105, -4.26], [-79.109, -4.267], [-79.111, -4.276], [-79.111, -4.282], [-79.106, -4.289], [-79.106, -4.295], [-79.11, -4.299], [-79.115, -4.306], [-79.118, -4.311], [-79.119, -4.317], [-79.116, -4.321], [-79.113, -4.328], [-79.111, -4.331], [-79.109, -4.337], [-79.109, -4.343], [-79.11, -4.349], [-79.109, -4.352], [-79.108, -4.361], [-79.11, -4.386], [-79.112, -4.402], [-79.114, -4.415], [-79.118, -4.424], [-79.129, -4.43], [-79.141, -4.431], [-79.152, -4.436], [-79.156, -4.443], [-79.16, -4.453], [-79.161, -4.46], [-79.164, -4.472], [-79.171, -4.476], [-79.183, -4.477], [-79.191, -4.48], [-79.195, -4.484], [-79.198, -4.491], [-79.201, -4.497], [-79.204, -4.503], [-79.208, -4.509], [-79.215, -4.509], [-79.22, -4.504], [-79.228, -4.498], [-79.238, -4.491], [-79.254, -4.487], [-79.265, -4.487], [-79.273, -4.482], [-79.283, -4.48], [-79.297, -4.491], [-79.301, -4.498], [-79.307, -4.507], [-79.313, -4.511], [-79.32, -4.516], [-79.326, -4.527], [-79.329, -4.54], [-79.331, -4.547], [-79.332, -4.552], [-79.333, -4.558], [-79.333, -4.564], [-79.331, -4.573], [-79.329, -4.582], [-79.332, -4.6], [-79.334, -4.616], [-79.34, -4.625], [-79.351, -4.635], [-79.359, -4.652], [-79.369, -4.66], [-79.377, -4.667], [-79.391, -4.681], [-79.394, -4.69], [-79.397, -4.701], [-79.4, -4.712], [-79.405, -4.725], [-79.409, -4.731], [-79.417, -4.734], [-79.424, -4.736], [-79.43, -4.742], [-79.432, -4.743]]]}}, {"type": "Feature", "properties": {"shapeName": "El Oro"}, "geometry": {"type": "MultiPolygon", "coordinates": [[[[-80.231, -3.367], [-80.24, -3.352], [-80.238, -3.339], [-80.238, -3.329], [-80.255, -3.33], [-80.259, -3.36], [-80.262, -3.367], [-80.272, -3.369], [-80.273, -3.362], [-80.27, -3.346], [-80.289, -3.353], [-80.296, -3.362], [-80.297, -3.369], [-80.301, -3.382], [-80.303, -3.392], [-80.291, -3.401], [-80.283, -3.405], [-80.286, -3.413], [-80.286, -3.417], [-80.289, -3.423], [-80.288, -3.431], [-80.264, -3.429], [-80.243, -3.425], [-80.229, -3.429], [-80.221, -3.436], [-80.208, -3.436], [-80.21, -3.425], [-80.217, -3.416], [-80.224, -3.403], [-80.232, -3.387], [-80.233, -3.374], [-80.231, -3.367]]], [[[-80.004, -3.328], [-79.997, -3.314], [-79.993, -3.301], [-79.991, -3.285], [-79.996, -3.274], [-80.0, -3.266], [-80.005, -3.256], [-80.01, -3.243], [-80.014, -3.233], [-80.016, -3.224], [-80.021, -3.211], [-80.035, -3.209], [-80.044, -3.224], [-80.05, -3.242], [-80.054, -3.257], [-80.066, -3.275], [-80.075, -3.298], [-80.08, -3.307], [-80.095, -3.317], [-80.104, -3.323], [-80.118, -3.331], [-80.138, -3.342], [-80.151, -3.342], [-80.171, -3.343], [-80.181, -3.343], [-80.191, -3.343], [-80.196, -3.343], [-80.201, -3.339], [-80.21, -3.339], [-80.217, -3.342], [-80.225, -3.346], [-80.224, -3.351], [-80.217, -3.363], [-80.209, -3.368], [-80.204, -3.379], [-80.2, -3.391], [-80.199, -3.4], [-80.199, -3.412], [-80.191, -3.418], [-80.175, -3.419], [-80.161, -3.422], [-80.143, -3.414], [-80.129, -3.409], [-80.117, -3.413], [-80.094, -3.41], [-80.072, -3.406], [-80.057, -3.398], [-80.041, -3.386], [-80.031, -3.373], [-80.023, -3.358], [-80.012, -3.344], [-80.004, -3.328]]], [[[-79.461, -3.338], [-79.462, -3.334], [-79.465, -3.325], [-79.473, -3.321], [-79.481, -3.321], [-79.495, -3.32], [-79.507, -3.316], [-79.514, -3.314], [-79.523, -3.317], [-79.536, -3.319], [-79.553, -3.319], [-79.566, -3.318], [-79.574, -3.324], [-79.583, -3.327], [-79.595, -3.328], [-79.604, -3.331], [-79.613, -3.331], [-79.623, -3.327], [-79.63, -3.328], [-79.639, -3.33], [-79.648, -3.328], [-79.653, -3.323], [-79.653, -3.315], [-79.651, -3.31], [-79.646, -3.299], [-79.639, -3.292], [-79.633, -3.281], [-79.628, -3.271], [-79.626, -3.258], [-79.625, -3.246], [-79.62, -3.235], [-79.61, -3.228], [-79.599, -3.219], [-79.596, -3.205], [-79.598, -3.194], [-79.596, -3.184], [-79.591, -3.173], [-79.591, -3.162], [-79.593, -3.156], [-79.599, -3.151], [-79.611, -3.145], [-79.624, -3.142], [-79.638, -3.139], [-79.648, -3.135], [-79.657, -3.131], [-79.667, -3.126], [-79.675, -3.121], [-79.685, -3.115], [-79.695, -3.111], [-79.711, -3.106], [-79.723, -3.102], [-79.734, -3.095], [-79.742, -3.09], [-79.748, -3.084], [-79.755, -3.078], [-79.759, -3.071], [-79.76, -3.071], [-79.764, -3.069], [-79.774, -3.068], [-79.78, -3.065], [-79.788, -3.063], [-79.799, -3.062], [-79.805, -3.058], [-79.811, -3.055], [-79.816, -3.055], [-79.824, -3.059], [-79.832, -3.061], [-79.843, -3.058], [-79.847, -3.053], [-79.854, -3.05], [-79.86, -3.048], [-79.863, -3.057], [-79.87, -3.066], [-79.879, -3.074], [-79.889, -3.08], [-79.895, -3.09], [-79.896, -3.102], [-79.896, -3.111], [-79.899, -3.123], [-79.905, -3.142], [-79.908, -3.168], [-79.916, -3.181], [-79.922, -3.188], [-79.931, -3.192], [-79.941, -3.194], [-79.95, -3.196], [-79.963, -3.198], [-79.968, -3.203], [-79.974, -3.21], [-79.978, -3.223], [-79.978, -3.244], [-79.98, -3.264], [-79.98, -3.283], [-79.988, -3.314], [-79.998, -3.336], [-80.006, -3.348], [-80.02, -3.362], [-80.028, -3.383], [-80.034, -3.406], [-80.058, -3.417], [-80.091, -3.425], [-80.128, -3.43], [-80.152, -3.438], [-80.195, -3.446], [-80.227, -3.453], [-80.233, -3.464], [-80.24, -3.475], [-80.241, -3.486], [-80.236, -3.492], [-80.232, -3.497], [-80.224, -3.504], [-80.216, -3.512], [-80.212, -3.52], [-80.21, -3.53], [-80.206, -3.539], [-80.2, -3.554], [-80.203, -3.56], [-80.214, -3.573], [-80.213, -3.585], [-80.204, -3.594], [-80.195, -3.6], [-80.189, -3.602], [-80.193, -3.622], [-80.192, -3.628], [-80.188, -3.636], [-80.185, -3.642], [-80.18, -3.655], [-80.181, -3.667], [-80.184, -3.679], [-80.192, -3.686], [-80.196, -3.696], [-80.192, -3.705], [-80.188, -3.71], [-80.183, -3.719], [-80.178, -3.726], [-80.176, -3.736], [-80.18, -3.749], [-80.186, -3.753], [-80.19, -3.763], [-80.189, -3.771], [-80.187, -3.78], [-80.183, -3.785], [-80.178, -3.79], [-80.167, -3.797], [-80.16, -3.807], [-80.158, -3.817], [-80.159, -3.827], [-80.16, -3.836], [-80.157, -3.844], [-80.151, -3.852], [-80.15, -3.858], [-80.153, -3.863], [-80.152, -3.872], [-80.151, -3.878], [-80.148, -3.884], [-80.141, -3.889], [-80.133, -3.894], [-80.133, -3.895], [-80.125, -3.893], [-80.116, -3.89], [-80.108, -3.889], [-80.102, -3.89], [-80.094, -3.89], [-80.083, -3.889], [-80.072, -3.888], [-80.06, -3.887], [-80.051, -3.885], [-80.042, -3.88], [-80.03, -3.877], [-80.015, -3.874], [-80.009, -3.871], [-80.002, -3.867], [-79.996, -3.864], [-79.991, -3.859], [-79.987, -3.853], [-79.981, -3.849], [-79.973, -3.844], [-79.968, -3.841], [-79.961, -3.837], [-79.953, -3.833], [-79.947, -3.832], [-79.941, -3.834], [-79.931, -3.833], [-79.921, -3.829], [-79.911, -3.829], [-79.903, -3.831], [-79.895, -3.834], [-79.887, -3.833], [-79.879, -3.829], [-79.872, -3.826], [-79.865, -3.824], [-79.853, -3.823], [-79.846, -3.827], [-79.841, -3.832], [-79.835, -3.835], [-79.829, -3.839], [-79.82, -3.842], [-79.811, -3.845], [-79.806, -3.843], [-79.799, -3.842], [-79.791, -3.843], [-79.782, -3.843], [-79.774, -3.843], [-79.767, -3.843], [-79.761, -3.838], [-79.754, -3.834], [-79.744, -3.833], [-79.734, -3.832], [-79.717, -3.831], [-79.706, -3.828], [-79.702, -3.823], [-79.697, -3.817], [-79.692, -3.809], [-79.689, -3.8], [-79.684, -3.794], [-79.679, -3.783], [-79.674, -3.778], [-79.665, -3.774], [-79.654, -3.773], [-79.645, -3.771], [-79.639, -3.766], [-79.632, -3.762], [-79.627, -3.758], [-79.618, -3.753], [-79.607, -3.753], [-79.603, -3.763], [-79.601, -3.769], [-79.595, -3.773], [-79.588, -3.779], [-79.584, -3.784], [-79.579, -3.789], [-79.574, -3.793], [-79.568, -3.797], [-79.559, -3.799], [-79.548, -3.8], [-79.539, -3.799], [-79.531, -3.793], [-79.524, -3.789], [-79.516, -3.788], [-79.503, -3.79], [-79.487, -3.799], [-79.471, -3.805], [-79.462, -3.811], [-79.45, -3.812], [-79.441, -3.812], [-79.431, -3.805], [-79.426, -3.8], [-79.417, -3.794], [-79.406, -3.789], [-79.4, -3.785], [-79.395, -3.776], [-79.393, -3.766], [-79.398, -3.755], [-79.403, -3.748], [-79.407, -3.74], [-79.408, -3.731], [-79.405, -3.724], [-79.397, -3.718], [-79.39, -3.711], [-79.385, -3.705], [-79.377, -3.699], [-79.369, -3.692], [-79.365, -3.687], [-79.362, -3.673], [-79.36, -3.663], [-79.362, -3.656], [-79.364, -3.646], [-79.368, -3.638], [-79.375, -3.633], [-79.385, -3.623], [-79.387, -3.62], [-79.388, -3.614], [-79.39, -3.612], [-79.397, -3.613], [-79.41, -3.612], [-79.412, -3.608], [-79.415, -3.594], [-79.416, -3.587], [-79.42, -3.582], [-79.421, -3.58], [-79.426, -3.58], [-79.43, -3.581], [-79.434, -3.589], [-79.44, -3.599], [-79.452, -3.609], [-79.458, -3.617], [-79.465, -3.623], [-79.474, -3.63], [-79.48, -3.633], [-79.491, -3.632], [-79.494, -3.625], [-79.496, -3.618], [-79.494, -3.609], [-79.489, -3.603], [-79.483, -3.597], [-79.476, -3.589], [-79.473, -3.583], [-79.472, -3.58], [-79.472, -3.574], [-79.476, -3.568], [-79.478, -3.564], [-79.481, -3.557], [-79.482, -3.551], [-79.479, -3.542], [-79.473, -3.536], [-79.473, -3.531], [-79.475, -3.527], [-79.477, -3.524], [-79.478, -3.521], [-79.476, -3.515], [-79.47, -3.507], [-79.462, -3.5], [-79.458, -3.498], [-79.445, -3.481], [-79.438, -3.476], [-79.431, -3.467], [-79.428, -3.459], [-79.432, -3.448], [-79.44, -3.439], [-79.445, -3.427], [-79.448, -3.415], [-79.458, -3.401], [-79.465, -3.386], [-79.464, -3.376], [-79.464, -3.368], [-79.464, -3.363], [-79.463, -3.355], [-79.462, -3.344], [-79.461, -3.338], [-79.461, -3.338]]]]}}, {"type": "Feature", "properties": {"shapeName": "Esmeraldas"}, "geometry": {"type": "MultiPolygon", "coordinates": [[[[-79.003, 1.217], [-78.997, 1.22], [-78.99, 1.227], [-78.979, 1.233], [-78.974, 1.238], [-78.973, 1.246], [-78.978, 1.255], [-78.987, 1.261], [-78.994, 1.268], [-78.999, 1.274], [-79.006, 1.279], [-79.013, 1.271], [-79.022, 1.266], [-79.035, 1.257], [-79.041, 1.252], [-79.044, 1.245], [-79.042, 1.24], [-79.033, 1.232], [-79.026, 1.226], [-79.019, 1.221], [-79.012, 1.217], [-79.003, 1.217]]], [[[-78.842, 1.314], [-78.836, 1.322], [-78.838, 1.332], [-78.843, 1.338], [-78.849, 1.345], [-78.855, 1.353], [-78.861, 1.362], [-78.865, 1.362], [-78.869, 1.36], [-78.874, 1.356], [-78.877, 1.35], [-78.877, 1.341], [-78.875, 1.33], [-78.87, 1.321], [-78.861, 1.314], [-78.848, 1.313], [-78.842, 1.314]]], [[[-78.934, 1.256], [-78.914, 1.262], [-78.896, 1.27], [-78.884, 1.279], [-78.881, 1.29], [-78.881, 1.3], [-78.885, 1.313], [-78.886, 1.325], [-78.888, 1.333], [-78.892, 1.34], [-78.896, 1.349], [-78.899, 1.362], [-78.9, 1.371], [-78.901, 1.376], [-78.904, 1.378], [-78.913, 1.374], [-78.923, 1.366], [-78.93, 1.356], [-78.936, 1.346], [-78.944, 1.338], [-78.95, 1.331], [-78.957, 1.322], [-78.965, 1.31], [-78.97, 1.302], [-78.974, 1.294], [-78.976, 1.286], [-78.968, 1.274], [-78.959, 1.266], [-78.947, 1.252], [-78.934, 1.256]]], [[[-78.496, 1.202], [-78.501, 1.202], [-78.507, 1.202], [-78.515, 1.199], [-78.524, 1.2], [-78.533, 1.203], [-78.54, 1.207], [-78.547, 1.212], [-78.553, 1.215], [-78.559, 1.218], [-78.567, 1.221], [-78.571, 1.226], [-78.576, 1.232], [-78.58, 1.237], [-78.582, 1.242], [-78.584, 1.245], [-78.593, 1.248], [-78.599, 1.249], [-78.607, 1.253], [-78.613, 1.256], [-78.618, 1.26], [-78.622, 1.265], [-78.628, 1.27], [-78.635, 1.274], [-78.637, 1.275], [-78.641, 1.277], [-78.644, 1.279], [-78.648, 1.286], [-78.653, 1.294], [-78.656, 1.299], [-78.658, 1.307], [-78.658, 1.314], [-78.661, 1.321], [-78.665, 1.327], [-78.67, 1.329], [-78.675, 1.331], [-78.68, 1.335], [-78.684, 1.341], [-78.687, 1.347], [-78.689, 1.354], [-78.69, 1.363], [-78.692, 1.372], [-78.693, 1.374], [-78.699, 1.378], [-78.704, 1.38], [-78.714, 1.38], [-78.717, 1.379], [-78.723, 1.378], [-78.729, 1.374], [-78.736, 1.374], [-78.745, 1.376], [-78.751, 1.38], [-78.758, 1.382], [-78.766, 1.386], [-78.773, 1.393], [-78.779, 1.398], [-78.784, 1.405], [-78.794, 1.413], [-78.804, 1.424], [-78.81, 1.424], [-78.814, 1.42], [-78.82, 1.415], [-78.828, 1.412], [-78.834, 1.406], [-78.834, 1.397], [-78.83, 1.385], [-78.833, 1.377], [-78.843, 1.37], [-78.847, 1.362], [-78.845, 1.353], [-78.839, 1.343], [-78.834, 1.336], [-78.829, 1.325], [-78.828, 1.317], [-78.817, 1.312], [-78.801, 1.312], [-78.79, 1.317], [-78.785, 1.317], [-78.785, 1.31], [-78.797, 1.307], [-78.806, 1.306], [-78.817, 1.306], [-78.828, 1.304], [-78.844, 1.301], [-78.854, 1.302], [-78.861, 1.297], [-78.864, 1.289], [-78.864, 1.278], [-78.872, 1.268], [-78.88, 1.26], [-78.886, 1.253], [-78.895, 1.248], [-78.909, 1.246], [-78.918, 1.242], [-78.925, 1.234], [-78.933, 1.228], [-78.944, 1.226], [-78.954, 1.229], [-78.96, 1.233], [-78.97, 1.228], [-78.979, 1.223], [-78.99, 1.218], [-78.996, 1.212], [-79.002, 1.202], [-79.002, 1.199], [-78.997, 1.189], [-78.995, 1.174], [-78.999, 1.168], [-79.005, 1.177], [-79.011, 1.186], [-79.018, 1.195], [-79.03, 1.206], [-79.04, 1.213], [-79.045, 1.218], [-79.052, 1.218], [-79.06, 1.216], [-79.064, 1.21], [-79.068, 1.203], [-79.073, 1.193], [-79.076, 1.186], [-79.082, 1.177], [-79.09, 1.168], [-79.099, 1.159], [-79.109, 1.147], [-79.121, 1.137], [-79.131, 1.128], [-79.14, 1.118], [-79.15, 1.11], [-79.166, 1.103], [-79.174, 1.102], [-79.19, 1.096], [-79.204, 1.093], [-79.211, 1.09], [-79.22, 1.085], [-79.231, 1.082], [-79.243, 1.082], [-79.247, 1.084], [-79.254, 1.086], [-79.26, 1.092], [-79.266, 1.093], [-79.274, 1.091], [-79.278, 1.088], [-79.284, 1.085], [-79.291, 1.084], [-79.297, 1.085], [-79.308, 1.087], [-79.311, 1.085], [-79.317, 1.083], [-79.334, 1.08], [-79.348, 1.075], [-79.358, 1.073], [-79.371, 1.074], [-79.382, 1.08], [-79.389, 1.085], [-79.401, 1.084], [-79.412, 1.081], [-79.422, 1.077], [-79.436, 1.069], [-79.449, 1.061], [-79.463, 1.053], [-79.479, 1.043], [-79.497, 1.031], [-79.511, 1.023], [-79.519, 1.018], [-79.528, 1.013], [-79.539, 1.007], [-79.548, 1.002], [-79.562, 1.001], [-79.572, 0.996], [-79.58, 0.994], [-79.59, 0.993], [-79.603, 0.993], [-79.614, 0.997], [-79.623, 1.001], [-79.632, 1.002], [-79.643, 1.001], [-79.654, 0.997], [-79.662, 0.993], [-79.68, 0.986], [-79.7, 0.976], [-79.717, 0.972], [-79.733, 0.969], [-79.742, 0.964], [-79.749, 0.959], [-79.756, 0.953], [-79.765, 0.945], [-79.772, 0.938], [-79.779, 0.932], [-79.785, 0.925], [-79.791, 0.917], [-79.796, 0.912], [-79.801, 0.906], [-79.806, 0.902], [-79.813, 0.897], [-79.822, 0.893], [-79.83, 0.889], [-79.837, 0.885], [-79.845, 0.881], [-79.851, 0.878], [-79.856, 0.876], [-79.861, 0.874], [-79.867, 0.873], [-79.876, 0.871], [-79.89, 0.869], [-79.896, 0.866], [-79.906, 0.862], [-79.921, 0.857], [-79.931, 0.849], [-79.941, 0.839], [-79.951, 0.833], [-79.959, 0.827], [-79.971, 0.824], [-79.982, 0.821], [-79.991, 0.819], [-80.002, 0.822], [-80.014, 0.826], [-80.023, 0.827], [-80.032, 0.823], [-80.039, 0.821], [-80.046, 0.823], [-80.051, 0.827], [-80.058, 0.822], [-80.063, 0.816], [-80.068, 0.81], [-80.076, 0.802], [-80.082, 0.795], [-80.086, 0.787], [-80.092, 0.779], [-80.096, 0.771], [-80.099, 0.762], [-80.102, 0.749], [-80.102, 0.74], [-80.099, 0.734], [-80.095, 0.725], [-80.095, 0.717], [-80.099, 0.707], [-80.104, 0.697], [-80.105, 0.688], [-80.1, 0.679], [-80.097, 0.671], [-80.089, 0.662], [-80.079, 0.66], [-80.072, 0.66], [-80.063, 0.657], [-80.056, 0.652], [-80.051, 0.649], [-80.041, 0.641], [-80.035, 0.637], [-80.024, 0.627], [-80.017, 0.622], [-80.012, 0.613], [-80.007, 0.603], [-80.003, 0.592], [-80.001, 0.583], [-80.001, 0.575], [-80.004, 0.566], [-80.007, 0.554], [-80.007, 0.541], [-80.013, 0.528], [-80.02, 0.519], [-80.029, 0.511], [-80.038, 0.505], [-80.045, 0.495], [-80.051, 0.484], [-80.061, 0.473], [-80.063, 0.466], [-80.06, 0.459], [-80.057, 0.455], [-80.055, 0.453], [-80.051, 0.448], [-80.047, 0.442], [-80.044, 0.436], [-80.038, 0.43], [-80.034, 0.424], [-80.026, 0.419], [-80.018, 0.414], [-80.011, 0.414], [-80.003, 0.412], [-79.995, 0.408], [-79.991, 0.402], [-79.987, 0.391], [-79.983, 0.383], [-79.978, 0.375], [-79.976, 0.364], [-79.98, 0.354], [-79.986, 0.34], [-79.986, 0.315], [-79.985, 0.304], [-79.983, 0.296], [-79.978, 0.288], [-79.969, 0.281], [-79.959, 0.279], [-79.953, 0.278], [-79.947, 0.266], [-79.947, 0.265], [-79.941, 0.265], [-79.937, 0.263], [-79.932, 0.258], [-79.927, 0.265], [-79.927, 0.269], [-79.923, 0.276], [-79.918, 0.28], [-79.912, 0.291], [-79.906, 0.3], [-79.901, 0.309], [-79.901, 0.315], [-79.895, 0.322], [-79.89, 0.324], [-79.88, 0.321], [-79.872, 0.319], [-79.865, 0.317], [-79.857, 0.321], [-79.85, 0.327], [-79.843, 0.331], [-79.832, 0.329], [-79.823, 0.324], [-79.812, 0.316], [-79.806, 0.309], [-79.799, 0.302], [-79.791, 0.298], [-79.781, 0.298], [-79.77, 0.302], [-79.761, 0.307], [-79.75, 0.312], [-79.741, 0.317], [-79.734, 0.32], [-79.727, 0.324], [-79.721, 0.319], [-79.718, 0.311], [-79.72, 0.299], [-79.724, 0.294], [-79.726, 0.289], [-79.73, 0.286], [-79.73, 0.281], [-79.726, 0.277], [-79.717, 0.273], [-79.709, 0.277], [-79.703, 0.28], [-79.694, 0.279], [-79.687, 0.274], [-79.682, 0.27], [-79.677, 0.263], [-79.675, 0.257], [-79.676, 0.248], [-79.68, 0.242], [-79.689, 0.236], [-79.693, 0.229], [-79.698, 0.224], [-79.704, 0.22], [-79.708, 0.213], [-79.71, 0.209], [-79.712, 0.202], [-79.713, 0.191], [-79.708, 0.183], [-79.702, 0.18], [-79.697, 0.176], [-79.688, 0.174], [-79.679, 0.178], [-79.674, 0.178], [-79.667, 0.178], [-79.662, 0.173], [-79.662, 0.168], [-79.661, 0.162], [-79.659, 0.158], [-79.654, 0.155], [-79.648, 0.157], [-79.644, 0.16], [-79.636, 0.161], [-79.63, 0.158], [-79.625, 0.153], [-79.621, 0.147], [-79.613, 0.139], [-79.609, 0.135], [-79.601, 0.131], [-79.596, 0.127], [-79.589, 0.122], [-79.579, 0.124], [-79.575, 0.127], [-79.575, 0.127], [-79.569, 0.126], [-79.565, 0.121], [-79.56, 0.116], [-79.551, 0.115], [-79.541, 0.116], [-79.533, 0.117], [-79.523, 0.113], [-79.52, 0.111], [-79.512, 0.101], [-79.51, 0.097], [-79.507, 0.091], [-79.502, 0.087], [-79.494, 0.087], [-79.489, 0.091], [-79.483, 0.096], [-79.476, 0.101], [-79.469, 0.105], [-79.46, 0.105], [-79.447, 0.1], [-79.44, 0.095], [-79.434, 0.088], [-79.428, 0.08], [-79.422, 0.075], [-79.415, 0.076], [-79.406, 0.079], [-79.401, 0.08], [-79.367, 0.08], [-79.363, 0.082], [-79.358, 0.083], [-79.354, 0.09], [-79.347, 0.103], [-79.339, 0.115], [-79.334, 0.126], [-79.334, 0.138], [-79.331, 0.148], [-79.324, 0.161], [-79.315, 0.17], [-79.313, 0.183], [-79.318, 0.193], [-79.332, 0.204], [-79.341, 0.21], [-79.344, 0.213], [-79.351, 0.22], [-79.356, 0.225], [-79.363, 0.234], [-79.362, 0.243], [-79.348, 0.25], [-79.337, 0.256], [-79.328, 0.259], [-79.32, 0.262], [-79.311, 0.267], [-79.3, 0.276], [-79.29, 0.286], [-79.282, 0.293], [-79.277, 0.305], [-79.275, 0.317], [-79.275, 0.321], [-79.275, 0.326], [-79.275, 0.336], [-79.27, 0.347], [-79.258, 0.348], [-79.235, 0.348], [-79.223, 0.351], [-79.217, 0.353], [-79.212, 0.356], [-79.204, 0.354], [-79.194, 0.35], [-79.187, 0.35], [-79.182, 0.354], [-79.172, 0.355], [-79.163, 0.355], [-79.156, 0.354], [-79.149, 0.351], [-79.14, 0.349], [-79.13, 0.348], [-79.12, 0.344], [-79.116, 0.342], [-79.108, 0.341], [-79.102, 0.341], [-79.097, 0.344], [-79.092, 0.343], [-79.081, 0.34], [-79.073, 0.337], [-79.062, 0.329], [-79.054, 0.319], [-79.051, 0.316], [-79.044, 0.31], [-79.038, 0.309], [-79.031, 0.311], [-79.02, 0.318], [-79.009, 0.325], [-78.998, 0.334], [-78.987, 0.345], [-78.978, 0.355], [-78.969, 0.364], [-78.959, 0.37], [-78.903, 0.37], [-78.89, 0.374], [-78.875, 0.376], [-78.861, 0.379], [-78.849, 0.381], [-78.834, 0.388], [-78.825, 0.395], [-78.812, 0.406], [-78.803, 0.413], [-78.792, 0.42], [-78.785, 0.422], [-78.775, 0.421], [-78.765, 0.415], [-78.757, 0.411], [-78.75, 0.408], [-78.739, 0.407], [-78.726, 0.406], [-78.719, 0.405], [-78.712, 0.402], [-78.701, 0.394], [-78.695, 0.387], [-78.689, 0.381], [-78.681, 0.379], [-78.671, 0.378], [-78.661, 0.382], [-78.649, 0.388], [-78.639, 0.396], [-78.631, 0.404], [-78.622, 0.414], [-78.619, 0.423], [-78.617, 0.435], [-78.608, 0.456], [-78.602, 0.462], [-78.591, 0.471], [-78.581, 0.476], [-78.572, 0.478], [-78.565, 0.482], [-78.563, 0.489], [-78.561, 0.499], [-78.559, 0.509], [-78.551, 0.521], [-78.543, 0.528], [-78.537, 0.531], [-78.527, 0.533], [-78.518, 0.535], [-78.511, 0.539], [-78.505, 0.545], [-78.499, 0.549], [-78.495, 0.551], [-78.489, 0.55], [-78.48, 0.544], [-78.472, 0.541], [-78.461, 0.542], [-78.453, 0.548], [-78.447, 0.555], [-78.44, 0.564], [-78.433, 0.575], [-78.429, 0.585], [-78.429, 0.599], [-78.433, 0.61], [-78.445, 0.622], [-78.459, 0.636], [-78.466, 0.651], [-78.474, 0.667], [-78.479, 0.684], [-78.482, 0.695], [-78.485, 0.706], [-78.491, 0.714], [-78.498, 0.716], [-78.505, 0.722], [-78.511, 0.736], [-78.514, 0.745], [-78.518, 0.751], [-78.525, 0.757], [-78.53, 0.765], [-78.529, 0.772], [-78.525, 0.778], [-78.517, 0.783], [-78.51, 0.783], [-78.502, 0.779], [-78.495, 0.775], [-78.484, 0.776], [-78.476, 0.779], [-78.468, 0.782], [-78.463, 0.786], [-78.456, 0.79], [-78.455, 0.798], [-78.45, 0.803], [-78.445, 0.808], [-78.443, 0.818], [-78.445, 0.826], [-78.449, 0.832], [-78.451, 0.837], [-78.455, 0.843], [-78.456, 0.847], [-78.455, 0.854], [-78.455, 0.876], [-78.453, 0.887], [-78.456, 0.89], [-78.471, 0.893], [-78.484, 0.894], [-78.497, 0.9], [-78.52, 0.919], [-78.535, 0.932], [-78.542, 0.946], [-78.545, 0.953], [-78.543, 0.959], [-78.537, 0.979], [-78.537, 0.994], [-78.539, 1.003], [-78.542, 1.011], [-78.544, 1.023], [-78.544, 1.029], [-78.542, 1.037], [-78.54, 1.044], [-78.537, 1.051], [-78.531, 1.06], [-78.527, 1.065], [-78.524, 1.068], [-78.52, 1.071], [-78.512, 1.075], [-78.503, 1.078], [-78.498, 1.08], [-78.495, 1.086], [-78.496, 1.093], [-78.499, 1.098], [-78.504, 1.102], [-78.508, 1.106], [-78.505, 1.12], [-78.502, 1.128], [-78.499, 1.131], [-78.501, 1.144], [-78.505, 1.151], [-78.508, 1.158], [-78.511, 1.164], [-78.509, 1.174], [-78.505, 1.181], [-78.501, 1.188], [-78.498, 1.195], [-78.496, 1.202]]], [[[-78.847, 1.389], [-78.839, 1.402], [-78.833, 1.412], [-78.826, 1.421], [-78.822, 1.43], [-78.824, 1.44], [-78.837, 1.443], [-78.839, 1.438], [-78.842, 1.43], [-78.846, 1.424], [-78.85, 1.418], [-78.854, 1.413], [-78.858, 1.407], [-78.865, 1.4], [-78.873, 1.393], [-78.876, 1.389], [-78.869, 1.385], [-78.856, 1.383], [-78.847, 1.389]]], [[[-78.877, 1.396], [-78.87, 1.406], [-78.861, 1.412], [-78.854, 1.42], [-78.847, 1.43], [-78.845, 1.439], [-78.85, 1.45], [-78.857, 1.456], [-78.863, 1.46], [-78.868, 1.459], [-78.873, 1.459], [-78.878, 1.453], [-78.882, 1.444], [-78.881, 1.432], [-78.881, 1.425], [-78.886, 1.417], [-78.888, 1.408], [-78.889, 1.399], [-78.885, 1.391], [-78.877, 1.396]]]]}}, {"type": "Feature", "properties": {"shapeName": "Imbabura"}, "geometry": {"type": "Polygon", "coordinates": [[[-78.453, 0.887], [-78.455, 0.876], [-78.455, 0.854], [-78.456, 0.847], [-78.455, 0.843], [-78.451, 0.837], [-78.449, 0.832], [-78.445, 0.826], [-78.443, 0.818], [-78.445, 0.808], [-78.45, 0.803], [-78.455, 0.798], [-78.456, 0.79], [-78.463, 0.786], [-78.468, 0.782], [-78.476, 0.779], [-78.484, 0.776], [-78.495, 0.775], [-78.502, 0.779], [-78.51, 0.783], [-78.517, 0.783], [-78.525, 0.778], [-78.529, 0.772], [-78.53, 0.765], [-78.525, 0.757], [-78.518, 0.751], [-78.514, 0.745], [-78.511, 0.736], [-78.505, 0.722], [-78.498, 0.716], [-78.491, 0.714], [-78.485, 0.706], [-78.482, 0.695], [-78.479, 0.684], [-78.474, 0.667], [-78.466, 0.651], [-78.459, 0.636], [-78.445, 0.622], [-78.433, 0.61], [-78.429, 0.599], [-78.429, 0.585], [-78.433, 0.575], [-78.44, 0.564], [-78.447, 0.555], [-78.453, 0.548], [-78.461, 0.542], [-78.472, 0.541], [-78.48, 0.544], [-78.489, 0.55], [-78.495, 0.551], [-78.499, 0.549], [-78.505, 0.545], [-78.511, 0.539], [-78.518, 0.535], [-78.527, 0.533], [-78.537, 0.531], [-78.543, 0.528], [-78.551, 0.521], [-78.559, 0.509], [-78.561, 0.499], [-78.563, 0.489], [-78.565, 0.482], [-78.572, 0.478], [-78.581, 0.476], [-78.591, 0.471], [-78.602, 0.462], [-78.608, 0.456], [-78.617, 0.435], [-78.619, 0.423], [-78.622, 0.414], [-78.631, 0.404], [-78.639, 0.396], [-78.649, 0.388], [-78.661, 0.382], [-78.671, 0.378], [-78.681, 0.379], [-78.689, 0.381], [-78.695, 0.387], [-78.701, 0.394], [-78.712, 0.402], [-78.719, 0.405], [-78.726, 0.406], [-78.739, 0.407], [-78.75, 0.408], [-78.757, 0.411], [-78.765, 0.415], [-78.775, 0.421], [-78.785, 0.422], [-78.792, 0.42], [-78.803, 0.413], [-78.812, 0.406], [-78.825, 0.395], [-78.834, 0.388], [-78.849, 0.381], [-78.861, 0.379], [-78.875, 0.376], [-78.89, 0.374], [-78.903, 0.37], [-78.959, 0.37], [-78.969, 0.364], [-78.978, 0.355], [-78.987, 0.345], [-78.998, 0.334], [-79.009, 0.325], [-79.02, 0.318], [-79.031, 0.311], [-79.038, 0.309], [-79.044, 0.31], [-79.051, 0.316], [-79.054, 0.319], [-79.062, 0.329], [-79.073, 0.337], [-79.081, 0.34], [-79.092, 0.343], [-79.097, 0.344], [-79.102, 0.341], [-79.108, 0.341], [-79.116, 0.342], [-79.12, 0.344], [-79.13, 0.348], [-79.14, 0.349], [-79.149, 0.351], [-79.156, 0.354], [-79.163, 0.355], [-79.172, 0.355], [-79.182, 0.354], [-79.187, 0.35], [-79.194, 0.35], [-79.204, 0.354], [-79.212, 0.356], [-79.217, 0.353], [-79.223, 0.351], [-79.235, 0.348], [-79.258, 0.348], [-79.27, 0.347], [-79.275, 0.336], [-79.275, 0.326], [-79.275, 0.321], [-79.267, 0.323], [-79.259, 0.327], [-79.248, 0.328], [-79.237, 0.329], [-79.227, 0.329], [-79.219, 0.326], [-79.21, 0.325], [-79.201, 0.325], [-79.193, 0.324], [-79.186, 0.32], [-79.178, 0.318], [-79.169, 0.32], [-79.161, 0.322], [-79.153, 0.325], [-79.142, 0.326], [-79.134, 0.323], [-79.129, 0.318], [-79.123, 0.315], [-79.112, 0.312], [-79.104, 0.309], [-79.097, 0.306], [-79.086, 0.306], [-79.076, 0.309], [-79.07, 0.311], [-79.064, 0.308], [-79.059, 0.301], [-79.051, 0.296], [-79.041, 0.295], [-79.034, 0.292], [-79.026, 0.284], [-79.023, 0.282], [-79.018, 0.276], [-79.015, 0.258], [-79.014, 0.238], [-79.01, 0.231], [-79.004, 0.225], [-78.995, 0.221], [-78.99, 0.219], [-78.984, 0.221], [-78.974, 0.225], [-78.965, 0.224], [-78.959, 0.218], [-78.946, 0.212], [-78.936, 0.212], [-78.935, 0.215], [-78.93, 0.22], [-78.921, 0.222], [-78.91, 0.218], [-78.901, 0.219], [-78.894, 0.223], [-78.886, 0.229], [-78.877, 0.234], [-78.872, 0.241], [-78.86, 0.244], [-78.85, 0.246], [-78.839, 0.247], [-78.827, 0.244], [-78.824, 0.24], [-78.816, 0.233], [-78.805, 0.232], [-78.796, 0.237], [-78.789, 0.242], [-78.779, 0.247], [-78.769, 0.247], [-78.762, 0.245], [-78.75, 0.241], [-78.74, 0.235], [-78.732, 0.228], [-78.724, 0.223], [-78.716, 0.221], [-78.708, 0.223], [-78.699, 0.225], [-78.689, 0.225], [-78.681, 0.222], [-78.671, 0.221], [-78.664, 0.222], [-78.656, 0.223], [-78.651, 0.219], [-78.65, 0.215], [-78.643, 0.213], [-78.635, 0.214], [-78.63, 0.22], [-78.626, 0.224], [-78.619, 0.227], [-78.607, 0.229], [-78.599, 0.23], [-78.59, 0.231], [-78.582, 0.23], [-78.574, 0.226], [-78.564, 0.225], [-78.557, 0.229], [-78.547, 0.236], [-78.539, 0.237], [-78.533, 0.236], [-78.525, 0.232], [-78.517, 0.232], [-78.509, 0.236], [-78.503, 0.24], [-78.497, 0.24], [-78.492, 0.235], [-78.483, 0.231], [-78.473, 0.234], [-78.468, 0.243], [-78.464, 0.25], [-78.46, 0.249], [-78.453, 0.242], [-78.443, 0.243], [-78.432, 0.248], [-78.427, 0.253], [-78.418, 0.258], [-78.408, 0.258], [-78.401, 0.253], [-78.393, 0.247], [-78.387, 0.24], [-78.378, 0.232], [-78.37, 0.225], [-78.364, 0.216], [-78.359, 0.207], [-78.357, 0.198], [-78.361, 0.193], [-78.368, 0.185], [-78.372, 0.178], [-78.377, 0.174], [-78.378, 0.168], [-78.374, 0.165], [-78.364, 0.168], [-78.357, 0.174], [-78.353, 0.183], [-78.348, 0.19], [-78.344, 0.195], [-78.334, 0.197], [-78.326, 0.194], [-78.32, 0.188], [-78.315, 0.184], [-78.313, 0.178], [-78.307, 0.172], [-78.304, 0.164], [-78.302, 0.157], [-78.297, 0.149], [-78.289, 0.146], [-78.283, 0.144], [-78.274, 0.142], [-78.269, 0.139], [-78.263, 0.133], [-78.255, 0.131], [-78.244, 0.131], [-78.237, 0.131], [-78.229, 0.133], [-78.216, 0.133], [-78.205, 0.133], [-78.196, 0.132], [-78.184, 0.129], [-78.177, 0.127], [-78.173, 0.128], [-78.167, 0.133], [-78.159, 0.14], [-78.15, 0.147], [-78.145, 0.153], [-78.138, 0.158], [-78.126, 0.163], [-78.113, 0.168], [-78.103, 0.175], [-78.092, 0.179], [-78.078, 0.179], [-78.07, 0.179], [-78.061, 0.175], [-78.045, 0.176], [-78.038, 0.182], [-78.031, 0.193], [-78.023, 0.191], [-78.012, 0.18], [-78.001, 0.175], [-77.991, 0.173], [-77.98, 0.173], [-77.97, 0.17], [-77.962, 0.168], [-77.96, 0.169], [-77.955, 0.171], [-77.943, 0.178], [-77.932, 0.187], [-77.924, 0.195], [-77.915, 0.203], [-77.906, 0.211], [-77.893, 0.213], [-77.881, 0.213], [-77.875, 0.218], [-77.87, 0.225], [-77.863, 0.233], [-77.857, 0.241], [-77.851, 0.249], [-77.847, 0.255], [-77.84, 0.264], [-77.836, 0.269], [-77.835, 0.277], [-77.84, 0.284], [-77.846, 0.288], [-77.851, 0.294], [-77.853, 0.303], [-77.848, 0.312], [-77.836, 0.322], [-77.827, 0.329], [-77.82, 0.338], [-77.814, 0.348], [-77.81, 0.355], [-77.81, 0.365], [-77.809, 0.372], [-77.81, 0.373], [-77.811, 0.373], [-77.822, 0.37], [-77.831, 0.367], [-77.84, 0.363], [-77.846, 0.365], [-77.853, 0.372], [-77.863, 0.381], [-77.872, 0.387], [-77.879, 0.39], [-77.892, 0.397], [-77.906, 0.402], [-77.916, 0.404], [-77.924, 0.411], [-77.939, 0.426], [-77.948, 0.434], [-77.963, 0.442], [-77.974, 0.448], [-77.983, 0.454], [-77.989, 0.46], [-77.996, 0.47], [-78.007, 0.477], [-78.02, 0.477], [-78.04, 0.477], [-78.058, 0.481], [-78.074, 0.486], [-78.089, 0.488], [-78.095, 0.494], [-78.101, 0.503], [-78.109, 0.513], [-78.118, 0.524], [-78.125, 0.533], [-78.132, 0.546], [-78.13, 0.558], [-78.126, 0.564], [-78.126, 0.572], [-78.128, 0.579], [-78.132, 0.588], [-78.136, 0.599], [-78.136, 0.608], [-78.139, 0.62], [-78.146, 0.63], [-78.156, 0.646], [-78.168, 0.662], [-78.183, 0.676], [-78.197, 0.692], [-78.202, 0.7], [-78.205, 0.72], [-78.21, 0.725], [-78.221, 0.74], [-78.229, 0.747], [-78.235, 0.751], [-78.244, 0.753], [-78.25, 0.757], [-78.257, 0.763], [-78.263, 0.772], [-78.267, 0.779], [-78.272, 0.787], [-78.286, 0.795], [-78.298, 0.8], [-78.311, 0.806], [-78.318, 0.817], [-78.322, 0.822], [-78.327, 0.827], [-78.34, 0.825], [-78.349, 0.821], [-78.353, 0.82], [-78.358, 0.823], [-78.364, 0.829], [-78.376, 0.833], [-78.396, 0.84], [-78.407, 0.848], [-78.419, 0.861], [-78.436, 0.877], [-78.446, 0.882], [-78.451, 0.885], [-78.453, 0.887]]]}}, {"type": "Feature", "properties": {"shapeName": "Sucumbios"}, "geometry": {"type": "Polygon", "coordinates": [[[-77.81, 0.373], [-77.809, 0.372], [-77.81, 0.365], [-77.81, 0.355], [-77.814, 0.348], [-77.82, 0.338], [-77.827, 0.329], [-77.836, 0.322], [-77.848, 0.312], [-77.853, 0.303], [-77.851, 0.294], [-77.846, 0.288], [-77.84, 0.284], [-77.835, 0.277], [-77.836, 0.269], [-77.84, 0.264], [-77.847, 0.255], [-77.851, 0.249], [-77.857, 0.241], [-77.863, 0.233], [-77.87, 0.225], [-77.875, 0.218], [-77.881, 0.213], [-77.893, 0.213], [-77.906, 0.211], [-77.915, 0.203], [-77.924, 0.195], [-77.932, 0.187], [-77.943, 0.178], [-77.955, 0.171], [-77.96, 0.169], [-77.961, 0.164], [-77.962, 0.156], [-77.965, 0.15], [-77.97, 0.142], [-77.972, 0.133], [-77.97, 0.125], [-77.967, 0.121], [-77.958, 0.118], [-77.95, 0.112], [-77.944, 0.108], [-77.936, 0.104], [-77.93, 0.099], [-77.924, 0.092], [-77.916, 0.087], [-77.909, 0.086], [-77.9, 0.088], [-77.892, 0.09], [-77.879, 0.084], [-77.873, 0.078], [-77.862, 0.071], [-77.856, 0.065], [-77.853, 0.06], [-77.851, 0.036], [-77.846, 0.031], [-77.843, 0.032], [-77.84, 0.032], [-77.833, 0.037], [-77.824, 0.039], [-77.817, 0.039], [-77.809, 0.035], [-77.803, 0.033], [-77.788, 0.03], [-77.78, 0.027], [-77.774, 0.02], [-77.775, 0.013], [-77.778, 0.008], [-77.783, 0.002], [-77.788, -0.003], [-77.789, -0.006], [-77.79, -0.015], [-77.786, -0.019], [-77.783, -0.022], [-77.779, -0.038], [-77.778, -0.045], [-77.776, -0.057], [-77.775, -0.066], [-77.772, -0.071], [-77.766, -0.077], [-77.757, -0.078], [-77.746, -0.074], [-77.74, -0.067], [-77.736, -0.055], [-77.734, -0.049], [-77.728, -0.048], [-77.721, -0.049], [-77.715, -0.052], [-77.711, -0.058], [-77.708, -0.069], [-77.704, -0.076], [-77.697, -0.078], [-77.687, -0.081], [-77.671, -0.08], [-77.659, -0.076], [-77.647, -0.073], [-77.64, -0.073], [-77.629, -0.077], [-77.611, -0.082], [-77.6, -0.086], [-77.593, -0.091], [-77.584, -0.096], [-77.575, -0.094], [-77.566, -0.086], [-77.557, -0.076], [-77.55, -0.067], [-77.543, -0.058], [-77.536, -0.054], [-77.529, -0.051], [-77.523, -0.05], [-77.515, -0.052], [-77.509, -0.054], [-77.505, -0.043], [-77.497, -0.036], [-77.492, -0.029], [-77.484, -0.023], [-77.475, -0.016], [-77.467, -0.013], [-77.458, -0.013], [-77.45, -0.021], [-77.447, -0.03], [-77.445, -0.045], [-77.442, -0.051], [-77.439, -0.058], [-77.438, -0.066], [-77.442, -0.071], [-77.447, -0.073], [-77.451, -0.08], [-77.45, -0.086], [-77.442, -0.091], [-77.44, -0.096], [-77.442, -0.104], [-77.449, -0.109], [-77.453, -0.114], [-77.454, -0.122], [-77.451, -0.13], [-77.446, -0.131], [-77.44, -0.127], [-77.43, -0.125], [-77.42, -0.125], [-77.41, -0.128], [-77.4, -0.133], [-77.389, -0.139], [-77.381, -0.143], [-77.372, -0.146], [-77.363, -0.142], [-77.356, -0.131], [-77.346, -0.119], [-77.336, -0.108], [-77.322, -0.085], [-77.314, -0.076], [-77.308, -0.069], [-77.299, -0.056], [-77.296, -0.053], [-77.294, -0.051], [-77.29, -0.045], [-77.287, -0.04], [-77.281, -0.036], [-77.275, -0.039], [-77.273, -0.042], [-77.269, -0.046], [-77.263, -0.049], [-77.256, -0.053], [-77.247, -0.058], [-77.236, -0.066], [-77.228, -0.07], [-77.219, -0.074], [-77.214, -0.08], [-77.207, -0.086], [-77.2, -0.09], [-77.193, -0.093], [-77.186, -0.094], [-77.172, -0.095], [-77.16, -0.093], [-77.153, -0.089], [-77.151, -0.086], [-77.142, -0.084], [-77.128, -0.084], [-77.121, -0.082], [-77.114, -0.084], [-77.111, -0.091], [-77.104, -0.097], [-77.098, -0.102], [-77.089, -0.105], [-77.079, -0.105], [-77.072, -0.105], [-77.06, -0.106], [-77.046, -0.106], [-77.035, -0.103], [-77.024, -0.099], [-77.011, -0.093], [-76.995, -0.084], [-76.982, -0.073], [-76.97, -0.066], [-76.96, -0.062], [-76.948, -0.059], [-76.939, -0.057], [-76.933, -0.058], [-76.927, -0.063], [-76.923, -0.07], [-76.916, -0.074], [-76.907, -0.077], [-76.901, -0.081], [-76.9, -0.093], [-76.895, -0.102], [-76.89, -0.108], [-76.881, -0.117], [-76.874, -0.123], [-76.87, -0.129], [-76.866, -0.142], [-76.861, -0.147], [-76.857, -0.152], [-76.848, -0.168], [-76.84, -0.175], [-76.819, -0.198], [-76.805, -0.21], [-76.797, -0.229], [-76.787, -0.238], [-76.774, -0.246], [-76.763, -0.256], [-76.76, -0.265], [-76.753, -0.285], [-76.742, -0.305], [-76.725, -0.319], [-76.718, -0.332], [-76.717, -0.34], [-76.711, -0.347], [-76.699, -0.352], [-76.689, -0.36], [-76.679, -0.367], [-76.669, -0.374], [-76.659, -0.383], [-76.647, -0.391], [-76.638, -0.395], [-76.63, -0.403], [-76.632, -0.408], [-76.632, -0.414], [-76.625, -0.424], [-76.618, -0.426], [-76.604, -0.429], [-76.594, -0.426], [-76.581, -0.419], [-76.571, -0.412], [-76.56, -0.408], [-76.548, -0.409], [-76.537, -0.42], [-76.518, -0.435], [-76.507, -0.439], [-76.498, -0.445], [-76.488, -0.461], [-76.486, -0.464], [-76.481, -0.469], [-76.476, -0.476], [-76.472, -0.479], [-76.466, -0.483], [-76.453, -0.486], [-76.437, -0.486], [-76.428, -0.483], [-76.42, -0.482], [-76.411, -0.486], [-76.407, -0.489], [-76.4, -0.495], [-76.396, -0.502], [-76.391, -0.51], [-76.382, -0.516], [-76.371, -0.517], [-76.357, -0.513], [-76.348, -0.508], [-76.337, -0.496], [-76.329, -0.488], [-76.321, -0.483], [-76.31, -0.479], [-76.296, -0.475], [-76.284, -0.471], [-76.274, -0.464], [-76.269, -0.458], [-76.26, -0.449], [-76.256, -0.444], [-76.249, -0.441], [-76.239, -0.44], [-76.23, -0.442], [-76.226, -0.445], [-76.219, -0.449], [-76.207, -0.444], [-76.198, -0.441], [-76.189, -0.44], [-76.178, -0.439], [-76.167, -0.439], [-76.155, -0.439], [-76.147, -0.441], [-76.139, -0.443], [-76.13, -0.446], [-76.123, -0.447], [-76.111, -0.442], [-76.102, -0.439], [-76.09, -0.435], [-76.083, -0.434], [-76.076, -0.437], [-76.072, -0.441], [-76.069, -0.445], [-76.065, -0.454], [-76.063, -0.461], [-76.06, -0.471], [-76.058, -0.476], [-76.054, -0.485], [-76.051, -0.491], [-76.046, -0.5], [-76.04, -0.509], [-76.032, -0.516], [-76.028, -0.519], [-76.018, -0.522], [-76.01, -0.526], [-76.004, -0.533], [-75.995, -0.541], [-75.988, -0.545], [-75.982, -0.549], [-75.972, -0.553], [-75.964, -0.557], [-75.955, -0.56], [-75.936, -0.561], [-75.924, -0.56], [-75.919, -0.551], [-75.922, -0.546], [-75.927, -0.544], [-75.929, -0.538], [-75.927, -0.527], [-75.918, -0.522], [-75.918, -0.51], [-75.919, -0.505], [-75.922, -0.497], [-75.926, -0.489], [-75.93, -0.482], [-75.933, -0.474], [-75.94, -0.459], [-75.94, -0.446], [-75.94, -0.434], [-75.941, -0.423], [-75.941, -0.415], [-75.933, -0.41], [-75.921, -0.406], [-75.912, -0.402], [-75.904, -0.401], [-75.893, -0.401], [-75.882, -0.403], [-75.869, -0.405], [-75.859, -0.411], [-75.847, -0.424], [-75.834, -0.436], [-75.821, -0.437], [-75.807, -0.432], [-75.796, -0.427], [-75.789, -0.426], [-75.779, -0.425], [-75.771, -0.428], [-75.762, -0.429], [-75.753, -0.425], [-75.746, -0.421], [-75.742, -0.416], [-75.737, -0.414], [-75.729, -0.416], [-75.724, -0.421], [-75.719, -0.429], [-75.714, -0.434], [-75.711, -0.44], [-75.705, -0.45], [-75.702, -0.459], [-75.693, -0.463], [-75.689, -0.466], [-75.681, -0.466], [-75.674, -0.461], [-75.665, -0.457], [-75.657, -0.45], [-75.649, -0.449], [-75.646, -0.448], [-75.64, -0.448], [-75.636, -0.452], [-75.633, -0.456], [-75.626, -0.463], [-75.619, -0.468], [-75.608, -0.473], [-75.603, -0.475], [-75.593, -0.48], [-75.585, -0.486], [-75.582, -0.491], [-75.579, -0.495], [-75.576, -0.496], [-75.572, -0.493], [-75.57, -0.49], [-75.566, -0.49], [-75.561, -0.493], [-75.558, -0.502], [-75.556, -0.51], [-75.55, -0.515], [-75.545, -0.527], [-75.541, -0.538], [-75.533, -0.54], [-75.525, -0.535], [-75.519, -0.535], [-75.514, -0.54], [-75.508, -0.548], [-75.501, -0.554], [-75.494, -0.552], [-75.486, -0.547], [-75.481, -0.542], [-75.477, -0.541], [-75.471, -0.547], [-75.462, -0.548], [-75.453, -0.542], [-75.446, -0.54], [-75.438, -0.542], [-75.43, -0.546], [-75.423, -0.552], [-75.412, -0.555], [-75.397, -0.558], [-75.39, -0.56], [-75.387, -0.563], [-75.383, -0.582], [-75.38, -0.593], [-75.375, -0.602], [-75.368, -0.606], [-75.36, -0.6], [-75.356, -0.598], [-75.352, -0.6], [-75.348, -0.604], [-75.343, -0.608], [-75.338, -0.611], [-75.33, -0.615], [-75.323, -0.614], [-75.314, -0.611], [-75.31, -0.611], [-75.303, -0.615], [-75.3, -0.62], [-75.292, -0.626], [-75.288, -0.626], [-75.283, -0.622], [-75.278, -0.624], [-75.277, -0.633], [-75.277, -0.644], [-75.273, -0.646], [-75.268, -0.647], [-75.263, -0.641], [-75.26, -0.637], [-75.252, -0.636], [-75.242, -0.638], [-75.241, -0.637], [-75.227, -0.632], [-75.221, -0.624], [-75.218, -0.616], [-75.221, -0.61], [-75.223, -0.604], [-75.229, -0.594], [-75.235, -0.587], [-75.234, -0.578], [-75.225, -0.574], [-75.219, -0.572], [-75.216, -0.562], [-75.215, -0.553], [-75.217, -0.548], [-75.221, -0.542], [-75.225, -0.537], [-75.228, -0.527], [-75.23, -0.518], [-75.233, -0.51], [-75.237, -0.509], [-75.24, -0.509], [-75.244, -0.512], [-75.248, -0.515], [-75.251, -0.516], [-75.255, -0.511], [-75.257, -0.504], [-75.259, -0.498], [-75.26, -0.494], [-75.263, -0.492], [-75.271, -0.49], [-75.276, -0.491], [-75.282, -0.492], [-75.286, -0.49], [-75.291, -0.485], [-75.297, -0.478], [-75.3, -0.472], [-75.303, -0.463], [-75.306, -0.456], [-75.309, -0.449], [-75.314, -0.447], [-75.32, -0.45], [-75.327, -0.45], [-75.337, -0.448], [-75.345, -0.442], [-75.351, -0.437], [-75.361, -0.432], [-75.369, -0.429], [-75.377, -0.414], [-75.382, -0.403], [-75.387, -0.396], [-75.402, -0.382], [-75.41, -0.37], [-75.42, -0.357], [-75.426, -0.348], [-75.431, -0.337], [-75.436, -0.329], [-75.445, -0.318], [-75.451, -0.31], [-75.455, -0.304], [-75.462, -0.284], [-75.466, -0.27], [-75.466, -0.258], [-75.464, -0.247], [-75.465, -0.237], [-75.471, -0.227], [-75.481, -0.215], [-75.49, -0.208], [-75.5, -0.195], [-75.506, -0.185], [-75.511, -0.177], [-75.517, -0.17], [-75.527, -0.161], [-75.536, -0.149], [-75.537, -0.127], [-75.533, -0.112], [-75.527, -0.106], [-75.516, -0.103], [-75.502, -0.103], [-75.491, -0.107], [-75.479, -0.112], [-75.47, -0.117], [-75.461, -0.122], [-75.451, -0.129], [-75.443, -0.136], [-75.425, -0.14], [-75.413, -0.144], [-75.405, -0.149], [-75.391, -0.155], [-75.377, -0.158], [-75.365, -0.157], [-75.36, -0.15], [-75.355, -0.146], [-75.35, -0.146], [-75.345, -0.151], [-75.339, -0.153], [-75.333, -0.15], [-75.326, -0.149], [-75.318, -0.151], [-75.306, -0.15], [-75.3, -0.148], [-75.293, -0.145], [-75.285, -0.142], [-75.278, -0.139], [-75.274, -0.134], [-75.265, -0.124], [-75.258, -0.118], [-75.254, -0.112], [-75.26, -0.113], [-75.269, -0.114], [-75.275, -0.114], [-75.282, -0.112], [-75.291, -0.108], [-75.297, -0.104], [-75.304, -0.1], [-75.312, -0.098], [-75.324, -0.094], [-75.333, -0.091], [-75.339, -0.087], [-75.347, -0.083], [-75.353, -0.082], [-75.358, -0.082], [-75.365, -0.086], [-75.369, -0.087], [-75.388, -0.087], [-75.404, -0.077], [-75.417, -0.072], [-75.426, -0.067], [-75.432, -0.062], [-75.438, -0.058], [-75.445, -0.051], [-75.452, -0.048], [-75.459, -0.045], [-75.47, -0.041], [-75.48, -0.037], [-75.49, -0.031], [-75.499, -0.022], [-75.508, -0.012], [-75.516, -0.009], [-75.52, -0.01], [-75.529, -0.013], [-75.545, -0.012], [-75.557, -0.011], [-75.562, -0.008], [-75.565, -0.003], [-75.569, 0.003], [-75.573, 0.022], [-75.579, 0.026], [-75.588, 0.03], [-75.598, 0.033], [-75.604, 0.035], [-75.61, 0.041], [-75.615, 0.05], [-75.622, 0.055], [-75.629, 0.055], [-75.632, 0.052], [-75.634, 0.048], [-75.64, 0.044], [-75.647, 0.047], [-75.653, 0.052], [-75.659, 0.053], [-75.663, 0.051], [-75.669, 0.048], [-75.675, 0.044], [-75.686, 0.044], [-75.699, 0.048], [-75.706, 0.049], [-75.718, 0.047], [-75.727, 0.045], [-75.738, 0.045], [-75.746, 0.048], [-75.754, 0.053], [-75.763, 0.057], [-75.771, 0.062], [-75.778, 0.066], [-75.783, 0.067], [-75.79, 0.065], [-75.797, 0.064], [-75.803, 0.066], [-75.806, 0.074], [-75.807, 0.081], [-75.808, 0.089], [-75.812, 0.095], [-75.819, 0.101], [-75.825, 0.105], [-75.827, 0.11], [-75.832, 0.118], [-75.838, 0.132], [-75.842, 0.14], [-75.844, 0.145], [-75.852, 0.145], [-75.856, 0.14], [-75.86, 0.134], [-75.867, 0.133], [-75.872, 0.138], [-75.875, 0.145], [-75.881, 0.15], [-75.888, 0.156], [-75.891, 0.161], [-75.892, 0.169], [-75.894, 0.174], [-75.9, 0.181], [-75.913, 0.193], [-75.923, 0.205], [-75.933, 0.216], [-75.938, 0.223], [-75.94, 0.228], [-75.936, 0.233], [-75.931, 0.239], [-75.935, 0.245], [-75.941, 0.241], [-75.947, 0.24], [-75.953, 0.244], [-75.957, 0.249], [-75.962, 0.252], [-75.975, 0.254], [-75.981, 0.256], [-75.985, 0.264], [-75.984, 0.271], [-75.98, 0.275], [-75.979, 0.28], [-75.983, 0.285], [-75.986, 0.289], [-75.989, 0.297], [-75.991, 0.303], [-75.993, 0.308], [-75.999, 0.313], [-76.005, 0.315], [-76.029, 0.317], [-76.033, 0.322], [-76.037, 0.329], [-76.04, 0.34], [-76.044, 0.347], [-76.052, 0.349], [-76.059, 0.349], [-76.068, 0.345], [-76.075, 0.34], [-76.08, 0.334], [-76.085, 0.329], [-76.097, 0.324], [-76.106, 0.328], [-76.11, 0.337], [-76.108, 0.345], [-76.106, 0.351], [-76.107, 0.36], [-76.11, 0.368], [-76.114, 0.376], [-76.118, 0.382], [-76.123, 0.388], [-76.132, 0.391], [-76.137, 0.394], [-76.143, 0.396], [-76.148, 0.396], [-76.151, 0.396], [-76.157, 0.392], [-76.16, 0.387], [-76.164, 0.383], [-76.171, 0.381], [-76.18, 0.382], [-76.187, 0.388], [-76.191, 0.392], [-76.197, 0.395], [-76.201, 0.394], [-76.207, 0.391], [-76.212, 0.389], [-76.218, 0.391], [-76.22, 0.407], [-76.224, 0.413], [-76.233, 0.414], [-76.241, 0.415], [-76.249, 0.419], [-76.252, 0.425], [-76.253, 0.431], [-76.254, 0.435], [-76.256, 0.442], [-76.258, 0.446], [-76.262, 0.449], [-76.264, 0.449], [-76.268, 0.446], [-76.271, 0.444], [-76.274, 0.441], [-76.277, 0.438], [-76.281, 0.435], [-76.285, 0.434], [-76.289, 0.435], [-76.294, 0.438], [-76.297, 0.439], [-76.3, 0.439], [-76.304, 0.437], [-76.306, 0.436], [-76.308, 0.433], [-76.31, 0.43], [-76.313, 0.427], [-76.317, 0.423], [-76.318, 0.419], [-76.32, 0.411], [-76.321, 0.404], [-76.324, 0.396], [-76.325, 0.394], [-76.332, 0.39], [-76.337, 0.39], [-76.346, 0.394], [-76.349, 0.399], [-76.355, 0.404], [-76.361, 0.406], [-76.369, 0.403], [-76.372, 0.399], [-76.375, 0.396], [-76.381, 0.393], [-76.389, 0.391], [-76.397, 0.39], [-76.399, 0.386], [-76.4, 0.382], [-76.397, 0.372], [-76.394, 0.261], [-76.398, 0.253], [-76.402, 0.248], [-76.41, 0.247], [-76.417, 0.25], [-76.421, 0.258], [-76.422, 0.263], [-76.427, 0.265], [-76.433, 0.263], [-76.437, 0.259], [-76.44, 0.257], [-76.443, 0.254], [-76.449, 0.25], [-76.456, 0.249], [-76.463, 0.249], [-76.47, 0.251], [-76.477, 0.251], [-76.485, 0.25], [-76.495, 0.249], [-76.504, 0.252], [-76.51, 0.255], [-76.517, 0.263], [-76.522, 0.268], [-76.529, 0.267], [-76.534, 0.265], [-76.539, 0.263], [-76.544, 0.26], [-76.55, 0.256], [-76.556, 0.251], [-76.562, 0.246], [-76.565, 0.24], [-76.571, 0.234], [-76.577, 0.229], [-76.583, 0.227], [-76.588, 0.23], [-76.594, 0.237], [-76.603, 0.244], [-76.608, 0.25], [-76.612, 0.257], [-76.616, 0.263], [-76.62, 0.269], [-76.625, 0.271], [-76.629, 0.269], [-76.631, 0.267], [-76.634, 0.263], [-76.639, 0.26], [-76.643, 0.26], [-76.648, 0.263], [-76.649, 0.267], [-76.65, 0.272], [-76.65, 0.275], [-76.651, 0.279], [-76.657, 0.281], [-76.662, 0.282], [-76.664, 0.281], [-76.667, 0.279], [-76.673, 0.279], [-76.679, 0.279], [-76.684, 0.283], [-76.689, 0.285], [-76.695, 0.285], [-76.7, 0.282], [-76.704, 0.279], [-76.71, 0.279], [-76.714, 0.281], [-76.716, 0.284], [-76.718, 0.289], [-76.722, 0.293], [-76.726, 0.292], [-76.73, 0.291], [-76.734, 0.287], [-76.739, 0.283], [-76.747, 0.28], [-76.753, 0.277], [-76.753, 0.272], [-76.75, 0.27], [-76.748, 0.266], [-76.751, 0.259], [-76.757, 0.256], [-76.766, 0.256], [-76.772, 0.26], [-76.778, 0.267], [-76.784, 0.271], [-76.792, 0.272], [-76.795, 0.272], [-76.801, 0.269], [-76.806, 0.267], [-76.81, 0.264], [-76.815, 0.26], [-76.821, 0.257], [-76.827, 0.252], [-76.836, 0.247], [-76.841, 0.247], [-76.85, 0.249], [-76.854, 0.253], [-76.859, 0.257], [-76.865, 0.26], [-76.876, 0.26], [-76.883, 0.258], [-76.889, 0.255], [-76.894, 0.255], [-76.911, 0.258], [-76.916, 0.26], [-76.922, 0.264], [-76.925, 0.268], [-76.928, 0.272], [-76.928, 0.277], [-76.928, 0.281], [-76.929, 0.284], [-76.933, 0.284], [-76.937, 0.281], [-76.943, 0.279], [-76.95, 0.279], [-76.959, 0.279], [-76.965, 0.279], [-76.971, 0.279], [-76.985, 0.279], [-76.989, 0.285], [-76.992, 0.291], [-76.994, 0.295], [-77.0, 0.295], [-77.005, 0.293], [-77.011, 0.288], [-77.016, 0.285], [-77.02, 0.28], [-77.026, 0.276], [-77.032, 0.277], [-77.04, 0.282], [-77.046, 0.287], [-77.081, 0.287], [-77.087, 0.29], [-77.091, 0.295], [-77.093, 0.3], [-77.092, 0.308], [-77.09, 0.311], [-77.086, 0.315], [-77.087, 0.32], [-77.089, 0.324], [-77.094, 0.33], [-77.098, 0.334], [-77.103, 0.339], [-77.105, 0.349], [-77.106, 0.357], [-77.109, 0.364], [-77.112, 0.37], [-77.115, 0.373], [-77.123, 0.375], [-77.138, 0.377], [-77.147, 0.378], [-77.154, 0.382], [-77.159, 0.385], [-77.169, 0.39], [-77.173, 0.39], [-77.18, 0.388], [-77.186, 0.383], [-77.194, 0.376], [-77.204, 0.371], [-77.211, 0.367], [-77.217, 0.363], [-77.224, 0.363], [-77.233, 0.363], [-77.24, 0.364], [-77.246, 0.367], [-77.252, 0.369], [-77.259, 0.371], [-77.266, 0.371], [-77.27, 0.369], [-77.275, 0.365], [-77.285, 0.365], [-77.292, 0.367], [-77.299, 0.371], [-77.307, 0.376], [-77.314, 0.381], [-77.32, 0.386], [-77.329, 0.393], [-77.339, 0.396], [-77.349, 0.398], [-77.356, 0.401], [-77.364, 0.402], [-77.369, 0.402], [-77.375, 0.401], [-77.382, 0.398], [-77.387, 0.398], [-77.391, 0.398], [-77.394, 0.399], [-77.395, 0.401], [-77.396, 0.404], [-77.399, 0.407], [-77.402, 0.409], [-77.407, 0.408], [-77.41, 0.405], [-77.415, 0.401], [-77.418, 0.398], [-77.424, 0.396], [-77.431, 0.396], [-77.441, 0.396], [-77.453, 0.398], [-77.46, 0.402], [-77.469, 0.408], [-77.522, 0.418], [-77.521, 0.427], [-77.519, 0.436], [-77.517, 0.444], [-77.517, 0.452], [-77.518, 0.457], [-77.52, 0.462], [-77.521, 0.465], [-77.523, 0.471], [-77.522, 0.478], [-77.519, 0.488], [-77.516, 0.493], [-77.514, 0.499], [-77.515, 0.505], [-77.519, 0.51], [-77.522, 0.519], [-77.522, 0.522], [-77.521, 0.532], [-77.518, 0.539], [-77.514, 0.549], [-77.51, 0.559], [-77.505, 0.571], [-77.497, 0.58], [-77.485, 0.591], [-77.481, 0.601], [-77.479, 0.608], [-77.482, 0.653], [-77.485, 0.66], [-77.49, 0.662], [-77.495, 0.663], [-77.505, 0.662], [-77.511, 0.661], [-77.519, 0.663], [-77.53, 0.659], [-77.54, 0.655], [-77.547, 0.652], [-77.554, 0.651], [-77.559, 0.652], [-77.559, 0.65], [-77.561, 0.642], [-77.566, 0.641], [-77.571, 0.642], [-77.575, 0.644], [-77.582, 0.648], [-77.588, 0.65], [-77.595, 0.648], [-77.608, 0.647], [-77.619, 0.65], [-77.625, 0.648], [-77.632, 0.645], [-77.64, 0.646], [-77.648, 0.649], [-77.654, 0.652], [-77.664, 0.654], [-77.675, 0.653], [-77.679, 0.65], [-77.684, 0.644], [-77.689, 0.636], [-77.687, 0.627], [-77.677, 0.622], [-77.666, 0.619], [-77.659, 0.614], [-77.659, 0.606], [-77.662, 0.599], [-77.666, 0.59], [-77.67, 0.58], [-77.677, 0.569], [-77.687, 0.563], [-77.698, 0.557], [-77.706, 0.553], [-77.716, 0.548], [-77.724, 0.541], [-77.734, 0.531], [-77.746, 0.513], [-77.755, 0.494], [-77.77, 0.475], [-77.777, 0.469], [-77.785, 0.459], [-77.798, 0.442], [-77.808, 0.433], [-77.811, 0.42], [-77.806, 0.41], [-77.801, 0.402], [-77.797, 0.393], [-77.798, 0.382], [-77.803, 0.376], [-77.81, 0.373]]]}}, {"type": "Feature", "properties": {"shapeName": "Santa Elena"}, "geometry": {"type": "Polygon", "coordinates": [[[-80.561, -2.508], [-80.556, -2.505], [-80.552, -2.498], [-80.547, -2.494], [-80.54, -2.49], [-80.533, -2.488], [-80.524, -2.491], [-80.518, -2.493], [-80.512, -2.495], [-80.504, -2.499], [-80.496, -2.503], [-80.487, -2.503], [-80.477, -2.498], [-80.472, -2.493], [-80.467, -2.489], [-80.463, -2.483], [-80.46, -2.476], [-80.455, -2.469], [-80.451, -2.46], [-80.45, -2.452], [-80.45, -2.445], [-80.455, -2.438], [-80.458, -2.434], [-80.459, -2.429], [-80.46, -2.421], [-80.457, -2.412], [-80.45, -2.406], [-80.443, -2.401], [-80.435, -2.394], [-80.425, -2.387], [-80.414, -2.384], [-80.404, -2.384], [-80.393, -2.384], [-80.381, -2.385], [-80.372, -2.381], [-80.366, -2.372], [-80.36, -2.363], [-80.354, -2.355], [-80.339, -2.35], [-80.324, -2.35], [-80.309, -2.352], [-80.305, -2.356], [-80.296, -2.362], [-80.285, -2.362], [-80.277, -2.355], [-80.273, -2.349], [-80.265, -2.341], [-80.258, -2.333], [-80.253, -2.325], [-80.245, -2.319], [-80.239, -2.314], [-80.232, -2.303], [-80.234, -2.295], [-80.238, -2.289], [-80.244, -2.283], [-80.249, -2.279], [-80.256, -2.272], [-80.259, -2.265], [-80.258, -2.254], [-80.248, -2.25], [-80.236, -2.247], [-80.228, -2.24], [-80.227, -2.229], [-80.23, -2.223], [-80.234, -2.219], [-80.238, -2.213], [-80.24, -2.2], [-80.238, -2.191], [-80.236, -2.184], [-80.237, -2.177], [-80.241, -2.166], [-80.244, -2.16], [-80.247, -2.154], [-80.248, -2.147], [-80.245, -2.14], [-80.241, -2.13], [-80.24, -2.123], [-80.242, -2.112], [-80.249, -2.102], [-80.257, -2.1], [-80.262, -2.096], [-80.265, -2.088], [-80.271, -2.083], [-80.28, -2.083], [-80.283, -2.088], [-80.286, -2.091], [-80.294, -2.09], [-80.301, -2.084], [-80.308, -2.077], [-80.317, -2.068], [-80.32, -2.058], [-80.32, -2.053], [-80.325, -2.047], [-80.334, -2.039], [-80.34, -2.029], [-80.347, -2.017], [-80.353, -2.003], [-80.365, -1.991], [-80.379, -1.986], [-80.393, -1.982], [-80.416, -1.979], [-80.424, -1.974], [-80.438, -1.963], [-80.444, -1.955], [-80.445, -1.954], [-80.45, -1.945], [-80.457, -1.937], [-80.467, -1.93], [-80.482, -1.926], [-80.497, -1.928], [-80.509, -1.924], [-80.517, -1.916], [-80.525, -1.903], [-80.532, -1.893], [-80.541, -1.882], [-80.548, -1.868], [-80.555, -1.857], [-80.56, -1.845], [-80.563, -1.837], [-80.571, -1.821], [-80.576, -1.814], [-80.58, -1.806], [-80.58, -1.796], [-80.575, -1.786], [-80.572, -1.768], [-80.576, -1.756], [-80.58, -1.748], [-80.586, -1.741], [-80.59, -1.735], [-80.592, -1.724], [-80.592, -1.713], [-80.593, -1.702], [-80.594, -1.693], [-80.59, -1.686], [-80.59, -1.681], [-80.596, -1.678], [-80.606, -1.675], [-80.611, -1.674], [-80.617, -1.67], [-80.626, -1.666], [-80.637, -1.666], [-80.643, -1.667], [-80.648, -1.672], [-80.655, -1.676], [-80.665, -1.681], [-80.672, -1.681], [-80.677, -1.677], [-80.69, -1.674], [-80.704, -1.677], [-80.71, -1.679], [-80.717, -1.685], [-80.724, -1.688], [-80.734, -1.686], [-80.737, -1.684], [-80.741, -1.679], [-80.748, -1.676], [-80.755, -1.677], [-80.765, -1.68], [-80.779, -1.686], [-80.791, -1.686], [-80.8, -1.689], [-80.81, -1.694], [-80.809, -1.696], [-80.802, -1.712], [-80.783, -1.736], [-80.777, -1.747], [-80.773, -1.758], [-80.77, -1.767], [-80.766, -1.783], [-80.764, -1.796], [-80.759, -1.815], [-80.751, -1.832], [-80.745, -1.849], [-80.74, -1.866], [-80.738, -1.876], [-80.734, -1.903], [-80.728, -1.912], [-80.726, -1.92], [-80.726, -1.935], [-80.73, -1.947], [-80.736, -1.954], [-80.741, -1.962], [-80.746, -1.966], [-80.755, -1.971], [-80.76, -1.976], [-80.761, -1.984], [-80.76, -1.991], [-80.758, -1.996], [-80.756, -2.001], [-80.753, -2.007], [-80.749, -2.014], [-80.744, -2.021], [-80.74, -2.027], [-80.737, -2.034], [-80.737, -2.043], [-80.738, -2.051], [-80.738, -2.06], [-80.742, -2.068], [-80.745, -2.083], [-80.746, -2.09], [-80.75, -2.1], [-80.756, -2.11], [-80.763, -2.119], [-80.77, -2.129], [-80.779, -2.137], [-80.789, -2.144], [-80.795, -2.149], [-80.803, -2.155], [-80.815, -2.159], [-80.825, -2.16], [-80.831, -2.167], [-80.836, -2.175], [-80.844, -2.183], [-80.851, -2.188], [-80.861, -2.191], [-80.869, -2.195], [-80.884, -2.203], [-80.891, -2.207], [-80.898, -2.211], [-80.905, -2.216], [-80.915, -2.219], [-80.926, -2.219], [-80.937, -2.216], [-80.94, -2.214], [-80.95, -2.208], [-80.955, -2.204], [-80.965, -2.202], [-80.974, -2.2], [-80.983, -2.194], [-80.989, -2.187], [-80.994, -2.183], [-81.003, -2.182], [-81.007, -2.185], [-81.008, -2.189], [-81.005, -2.195], [-80.999, -2.201], [-80.991, -2.209], [-80.982, -2.216], [-80.975, -2.223], [-80.969, -2.23], [-80.95, -2.249], [-80.94, -2.258], [-80.927, -2.273], [-80.919, -2.284], [-80.914, -2.294], [-80.906, -2.305], [-80.903, -2.312], [-80.9, -2.317], [-80.897, -2.325], [-80.893, -2.33], [-80.888, -2.328], [-80.881, -2.324], [-80.872, -2.324], [-80.866, -2.325], [-80.859, -2.329], [-80.855, -2.333], [-80.85, -2.337], [-80.843, -2.344], [-80.839, -2.348], [-80.835, -2.353], [-80.824, -2.363], [-80.815, -2.369], [-80.804, -2.375], [-80.795, -2.379], [-80.788, -2.382], [-80.779, -2.386], [-80.772, -2.389], [-80.757, -2.39], [-80.74, -2.391], [-80.729, -2.393], [-80.716, -2.397], [-80.702, -2.402], [-80.695, -2.405], [-80.686, -2.406], [-80.674, -2.409], [-80.665, -2.415], [-80.657, -2.423], [-80.645, -2.434], [-80.631, -2.444], [-80.616, -2.458], [-80.593, -2.476], [-80.582, -2.491], [-80.561, -2.508]]]}}, {"type": "Feature", "properties": {"shapeName": "Santo Domingo de los Tsáchilas"}, "geometry": {"type": "Polygon", "coordinates": [[[-79.575, 0.127], [-79.579, 0.117], [-79.585, 0.106], [-79.59, 0.101], [-79.596, 0.094], [-79.6, 0.088], [-79.606, 0.079], [-79.609, 0.069], [-79.615, 0.063], [-79.621, 0.059], [-79.626, 0.053], [-79.627, 0.044], [-79.626, 0.036], [-79.623, 0.03], [-79.625, 0.024], [-79.624, 0.018], [-79.621, 0.009], [-79.62, 0.004], [-79.616, -0.003], [-79.611, -0.007], [-79.608, -0.014], [-79.608, -0.022], [-79.613, -0.03], [-79.615, -0.036], [-79.615, -0.043], [-79.61, -0.052], [-79.602, -0.058], [-79.594, -0.067], [-79.585, -0.072], [-79.574, -0.084], [-79.566, -0.09], [-79.555, -0.098], [-79.548, -0.107], [-79.544, -0.123], [-79.537, -0.13], [-79.53, -0.139], [-79.526, -0.147], [-79.52, -0.156], [-79.512, -0.164], [-79.498, -0.168], [-79.468, -0.173], [-79.452, -0.176], [-79.427, -0.176], [-79.418, -0.181], [-79.411, -0.19], [-79.409, -0.32], [-79.405, -0.346], [-79.401, -0.378], [-79.402, -0.39], [-79.405, -0.403], [-79.415, -0.412], [-79.434, -0.433], [-79.442, -0.445], [-79.453, -0.456], [-79.461, -0.464], [-79.464, -0.47], [-79.462, -0.478], [-79.459, -0.482], [-79.461, -0.495], [-79.464, -0.51], [-79.469, -0.517], [-79.475, -0.527], [-79.477, -0.535], [-79.476, -0.542], [-79.469, -0.547], [-79.469, -0.548], [-79.468, -0.549], [-79.467, -0.552], [-79.461, -0.553], [-79.451, -0.547], [-79.441, -0.543], [-79.426, -0.54], [-79.409, -0.54], [-79.359, -0.54], [-79.353, -0.541], [-79.346, -0.544], [-79.347, -0.549], [-79.351, -0.556], [-79.354, -0.561], [-79.358, -0.567], [-79.363, -0.574], [-79.365, -0.579], [-79.36, -0.589], [-79.357, -0.596], [-79.354, -0.603], [-79.351, -0.611], [-79.348, -0.621], [-79.35, -0.628], [-79.357, -0.635], [-79.363, -0.646], [-79.363, -0.654], [-79.364, -0.658], [-79.362, -0.665], [-79.36, -0.673], [-79.357, -0.68], [-79.349, -0.688], [-79.333, -0.69], [-79.316, -0.691], [-79.31, -0.693], [-79.299, -0.695], [-79.289, -0.691], [-79.278, -0.681], [-79.268, -0.668], [-79.254, -0.656], [-79.245, -0.647], [-79.23, -0.639], [-79.216, -0.633], [-79.207, -0.622], [-79.2, -0.609], [-79.193, -0.601], [-79.179, -0.593], [-79.165, -0.584], [-79.159, -0.576], [-79.149, -0.562], [-79.143, -0.555], [-79.136, -0.547], [-79.13, -0.543], [-79.122, -0.54], [-79.109, -0.541], [-79.1, -0.546], [-79.092, -0.553], [-79.092, -0.553], [-79.081, -0.561], [-79.07, -0.574], [-79.059, -0.581], [-79.049, -0.584], [-79.037, -0.584], [-79.033, -0.581], [-79.034, -0.574], [-79.038, -0.569], [-79.038, -0.559], [-79.034, -0.552], [-79.025, -0.545], [-79.014, -0.537], [-79.005, -0.529], [-78.999, -0.52], [-79.0, -0.505], [-79.008, -0.496], [-79.021, -0.491], [-79.029, -0.484], [-79.032, -0.477], [-79.031, -0.466], [-79.022, -0.455], [-79.016, -0.44], [-79.014, -0.432], [-79.006, -0.42], [-78.999, -0.413], [-78.987, -0.407], [-78.969, -0.398], [-78.96, -0.39], [-78.957, -0.381], [-78.953, -0.374], [-78.947, -0.367], [-78.941, -0.36], [-78.938, -0.351], [-78.939, -0.343], [-78.942, -0.338], [-78.944, -0.337], [-78.953, -0.328], [-78.956, -0.32], [-78.955, -0.312], [-78.945, -0.31], [-78.932, -0.31], [-78.924, -0.314], [-78.918, -0.32], [-78.908, -0.326], [-78.892, -0.33], [-78.876, -0.331], [-78.856, -0.34], [-78.847, -0.343], [-78.834, -0.343], [-78.816, -0.33], [-78.805, -0.316], [-78.787, -0.301], [-78.778, -0.292], [-78.771, -0.28], [-78.762, -0.275], [-78.747, -0.266], [-78.744, -0.253], [-78.748, -0.239], [-78.764, -0.231], [-78.78, -0.225], [-78.792, -0.218], [-78.805, -0.21], [-78.817, -0.201], [-78.831, -0.19], [-78.838, -0.179], [-78.84, -0.171], [-78.841, -0.164], [-78.841, -0.15], [-78.841, -0.142], [-78.842, -0.136], [-78.847, -0.13], [-78.853, -0.128], [-78.863, -0.128], [-78.87, -0.131], [-78.877, -0.134], [-78.881, -0.137], [-78.889, -0.14], [-78.895, -0.142], [-78.903, -0.141], [-78.911, -0.139], [-78.919, -0.133], [-78.926, -0.125], [-78.931, -0.121], [-78.937, -0.117], [-78.943, -0.113], [-78.948, -0.109], [-78.955, -0.106], [-78.961, -0.103], [-78.968, -0.102], [-78.977, -0.102], [-78.983, -0.106], [-78.995, -0.11], [-79.005, -0.112], [-79.012, -0.115], [-79.016, -0.118], [-79.025, -0.119], [-79.037, -0.114], [-79.042, -0.108], [-79.052, -0.102], [-79.066, -0.097], [-79.081, -0.093], [-79.102, -0.091], [-79.127, -0.09], [-79.142, -0.087], [-79.149, -0.083], [-79.149, -0.076], [-79.144, -0.069], [-79.137, -0.063], [-79.13, -0.052], [-79.121, -0.043], [-79.114, -0.034], [-79.115, -0.025], [-79.13, -0.017], [-79.145, -0.014], [-79.163, -0.014], [-79.184, -0.011], [-79.196, -0.009], [-79.203, -0.003], [-79.21, 0.001], [-79.223, 0.004], [-79.23, 0.008], [-79.236, 0.012], [-79.246, 0.014], [-79.254, 0.01], [-79.258, 0.005], [-79.274, 0.002], [-79.293, 0.003], [-79.302, 0.004], [-79.31, 0.01], [-79.316, 0.014], [-79.326, 0.02], [-79.354, 0.024], [-79.369, 0.027], [-79.374, 0.031], [-79.375, 0.038], [-79.373, 0.044], [-79.37, 0.052], [-79.367, 0.057], [-79.361, 0.064], [-79.36, 0.07], [-79.36, 0.078], [-79.363, 0.082], [-79.367, 0.08], [-79.401, 0.08], [-79.406, 0.079], [-79.415, 0.076], [-79.422, 0.075], [-79.428, 0.08], [-79.434, 0.088], [-79.44, 0.095], [-79.447, 0.1], [-79.46, 0.105], [-79.469, 0.105], [-79.476, 0.101], [-79.483, 0.096], [-79.489, 0.091], [-79.494, 0.087], [-79.502, 0.087], [-79.507, 0.091], [-79.51, 0.097], [-79.512, 0.101], [-79.52, 0.111], [-79.523, 0.113], [-79.533, 0.117], [-79.541, 0.116], [-79.551, 0.115], [-79.56, 0.116], [-79.565, 0.121], [-79.569, 0.126], [-79.575, 0.127]]]}}, {"type": "Feature", "properties": {"shapeName": "Pichincha"}, "geometry": {"type": "Polygon", "coordinates": [[[-79.363, 0.082], [-79.36, 0.078], [-79.36, 0.07], [-79.361, 0.064], [-79.367, 0.057], [-79.37, 0.052], [-79.373, 0.044], [-79.375, 0.038], [-79.374, 0.031], [-79.369, 0.027], [-79.354, 0.024], [-79.326, 0.02], [-79.316, 0.014], [-79.31, 0.01], [-79.302, 0.004], [-79.293, 0.003], [-79.274, 0.002], [-79.258, 0.005], [-79.254, 0.01], [-79.246, 0.014], [-79.236, 0.012], [-79.23, 0.008], [-79.223, 0.004], [-79.21, 0.001], [-79.203, -0.003], [-79.196, -0.009], [-79.184, -0.011], [-79.163, -0.014], [-79.145, -0.014], [-79.13, -0.017], [-79.115, -0.025], [-79.114, -0.034], [-79.121, -0.043], [-79.13, -0.052], [-79.137, -0.063], [-79.144, -0.069], [-79.149, -0.076], [-79.149, -0.083], [-79.142, -0.087], [-79.127, -0.09], [-79.102, -0.091], [-79.081, -0.093], [-79.066, -0.097], [-79.052, -0.102], [-79.042, -0.108], [-79.037, -0.114], [-79.025, -0.119], [-79.016, -0.118], [-79.012, -0.115], [-79.005, -0.112], [-78.995, -0.11], [-78.983, -0.106], [-78.977, -0.102], [-78.968, -0.102], [-78.961, -0.103], [-78.955, -0.106], [-78.948, -0.109], [-78.943, -0.113], [-78.937, -0.117], [-78.931, -0.121], [-78.926, -0.125], [-78.919, -0.133], [-78.911, -0.139], [-78.903, -0.141], [-78.895, -0.142], [-78.889, -0.14], [-78.881, -0.137], [-78.877, -0.134], [-78.87, -0.131], [-78.863, -0.128], [-78.853, -0.128], [-78.847, -0.13], [-78.842, -0.136], [-78.841, -0.142], [-78.841, -0.15], [-78.841, -0.164], [-78.84, -0.171], [-78.838, -0.179], [-78.831, -0.19], [-78.817, -0.201], [-78.805, -0.21], [-78.792, -0.218], [-78.78, -0.225], [-78.764, -0.231], [-78.748, -0.239], [-78.744, -0.253], [-78.747, -0.266], [-78.762, -0.275], [-78.771, -0.28], [-78.778, -0.292], [-78.787, -0.301], [-78.805, -0.316], [-78.816, -0.33], [-78.834, -0.343], [-78.847, -0.343], [-78.856, -0.34], [-78.876, -0.331], [-78.892, -0.33], [-78.908, -0.326], [-78.918, -0.32], [-78.924, -0.314], [-78.932, -0.31], [-78.945, -0.31], [-78.955, -0.312], [-78.956, -0.32], [-78.953, -0.328], [-78.944, -0.337], [-78.942, -0.338], [-78.939, -0.336], [-78.932, -0.336], [-78.925, -0.337], [-78.92, -0.341], [-78.916, -0.347], [-78.911, -0.356], [-78.908, -0.363], [-78.91, -0.368], [-78.911, -0.372], [-78.908, -0.38], [-78.902, -0.386], [-78.901, -0.395], [-78.894, -0.404], [-78.885, -0.411], [-78.878, -0.416], [-78.872, -0.423], [-78.87, -0.43], [-78.867, -0.443], [-78.864, -0.454], [-78.859, -0.463], [-78.848, -0.469], [-78.846, -0.477], [-78.84, -0.483], [-78.835, -0.49], [-78.833, -0.505], [-78.829, -0.521], [-78.822, -0.528], [-78.812, -0.534], [-78.802, -0.536], [-78.789, -0.537], [-78.769, -0.54], [-78.751, -0.547], [-78.741, -0.554], [-78.737, -0.56], [-78.731, -0.568], [-78.727, -0.576], [-78.726, -0.583], [-78.728, -0.592], [-78.733, -0.599], [-78.739, -0.607], [-78.742, -0.618], [-78.739, -0.629], [-78.733, -0.634], [-78.727, -0.64], [-78.721, -0.647], [-78.71, -0.651], [-78.696, -0.652], [-78.679, -0.65], [-78.661, -0.644], [-78.643, -0.635], [-78.636, -0.623], [-78.631, -0.611], [-78.625, -0.602], [-78.615, -0.596], [-78.605, -0.593], [-78.598, -0.595], [-78.591, -0.603], [-78.586, -0.606], [-78.577, -0.612], [-78.566, -0.613], [-78.559, -0.61], [-78.546, -0.605], [-78.536, -0.601], [-78.522, -0.595], [-78.509, -0.592], [-78.497, -0.593], [-78.488, -0.6], [-78.486, -0.611], [-78.491, -0.618], [-78.498, -0.622], [-78.501, -0.635], [-78.491, -0.64], [-78.486, -0.647], [-78.472, -0.65], [-78.464, -0.656], [-78.456, -0.666], [-78.448, -0.679], [-78.439, -0.688], [-78.431, -0.698], [-78.421, -0.709], [-78.413, -0.711], [-78.412, -0.711], [-78.403, -0.709], [-78.4, -0.688], [-78.393, -0.679], [-78.388, -0.673], [-78.38, -0.669], [-78.37, -0.664], [-78.354, -0.661], [-78.338, -0.659], [-78.331, -0.654], [-78.325, -0.635], [-78.323, -0.614], [-78.319, -0.602], [-78.306, -0.59], [-78.294, -0.577], [-78.284, -0.569], [-78.278, -0.554], [-78.272, -0.54], [-78.266, -0.532], [-78.262, -0.524], [-78.268, -0.518], [-78.263, -0.507], [-78.26, -0.504], [-78.255, -0.491], [-78.251, -0.481], [-78.247, -0.475], [-78.243, -0.47], [-78.239, -0.464], [-78.236, -0.455], [-78.236, -0.449], [-78.238, -0.438], [-78.244, -0.428], [-78.251, -0.422], [-78.254, -0.418], [-78.253, -0.41], [-78.249, -0.399], [-78.244, -0.393], [-78.239, -0.386], [-78.224, -0.371], [-78.214, -0.359], [-78.206, -0.343], [-78.204, -0.333], [-78.2, -0.324], [-78.196, -0.317], [-78.192, -0.3], [-78.187, -0.292], [-78.186, -0.283], [-78.188, -0.263], [-78.188, -0.25], [-78.183, -0.241], [-78.183, -0.232], [-78.188, -0.226], [-78.192, -0.219], [-78.19, -0.211], [-78.185, -0.199], [-78.181, -0.192], [-78.176, -0.188], [-78.169, -0.185], [-78.161, -0.18], [-78.154, -0.173], [-78.148, -0.168], [-78.143, -0.164], [-78.138, -0.164], [-78.13, -0.166], [-78.121, -0.171], [-78.112, -0.178], [-78.108, -0.186], [-78.104, -0.194], [-78.098, -0.191], [-78.09, -0.188], [-78.078, -0.185], [-78.067, -0.18], [-78.06, -0.172], [-78.056, -0.162], [-78.054, -0.151], [-78.046, -0.143], [-78.043, -0.139], [-78.025, -0.138], [-78.01, -0.137], [-78.006, -0.13], [-78.002, -0.121], [-77.997, -0.116], [-77.989, -0.114], [-77.979, -0.118], [-77.971, -0.118], [-77.963, -0.114], [-77.959, -0.108], [-77.953, -0.101], [-77.95, -0.096], [-77.935, -0.095], [-77.93, -0.091], [-77.931, -0.084], [-77.935, -0.064], [-77.938, -0.057], [-77.941, -0.049], [-77.937, -0.045], [-77.927, -0.04], [-77.92, -0.035], [-77.914, -0.031], [-77.907, -0.028], [-77.903, -0.026], [-77.894, -0.021], [-77.876, -0.011], [-77.858, -0.005], [-77.848, 0.001], [-77.844, 0.009], [-77.843, 0.032], [-77.846, 0.031], [-77.851, 0.036], [-77.853, 0.06], [-77.856, 0.065], [-77.862, 0.071], [-77.873, 0.078], [-77.879, 0.084], [-77.892, 0.09], [-77.9, 0.088], [-77.909, 0.086], [-77.916, 0.087], [-77.924, 0.092], [-77.93, 0.099], [-77.936, 0.104], [-77.944, 0.108], [-77.95, 0.112], [-77.958, 0.118], [-77.967, 0.121], [-77.97, 0.125], [-77.972, 0.133], [-77.97, 0.142], [-77.965, 0.15], [-77.962, 0.156], [-77.961, 0.164], [-77.96, 0.169], [-77.962, 0.168], [-77.97, 0.17], [-77.98, 0.173], [-77.991, 0.173], [-78.001, 0.175], [-78.012, 0.18], [-78.023, 0.191], [-78.031, 0.193], [-78.038, 0.182], [-78.045, 0.176], [-78.061, 0.175], [-78.07, 0.179], [-78.078, 0.179], [-78.092, 0.179], [-78.103, 0.175], [-78.113, 0.168], [-78.126, 0.163], [-78.138, 0.158], [-78.145, 0.153], [-78.15, 0.147], [-78.159, 0.14], [-78.167, 0.133], [-78.173, 0.128], [-78.177, 0.127], [-78.184, 0.129], [-78.196, 0.132], [-78.205, 0.133], [-78.216, 0.133], [-78.229, 0.133], [-78.237, 0.131], [-78.244, 0.131], [-78.255, 0.131], [-78.263, 0.133], [-78.269, 0.139], [-78.274, 0.142], [-78.283, 0.144], [-78.289, 0.146], [-78.297, 0.149], [-78.302, 0.157], [-78.304, 0.164], [-78.307, 0.172], [-78.313, 0.178], [-78.315, 0.184], [-78.32, 0.188], [-78.326, 0.194], [-78.334, 0.197], [-78.344, 0.195], [-78.348, 0.19], [-78.353, 0.183], [-78.357, 0.174], [-78.364, 0.168], [-78.374, 0.165], [-78.378, 0.168], [-78.377, 0.174], [-78.372, 0.178], [-78.368, 0.185], [-78.361, 0.193], [-78.357, 0.198], [-78.359, 0.207], [-78.364, 0.216], [-78.37, 0.225], [-78.378, 0.232], [-78.387, 0.24], [-78.393, 0.247], [-78.401, 0.253], [-78.408, 0.258], [-78.418, 0.258], [-78.427, 0.253], [-78.432, 0.248], [-78.443, 0.243], [-78.453, 0.242], [-78.46, 0.249], [-78.464, 0.25], [-78.468, 0.243], [-78.473, 0.234], [-78.483, 0.231], [-78.492, 0.235], [-78.497, 0.24], [-78.503, 0.24], [-78.509, 0.236], [-78.517, 0.232], [-78.525, 0.232], [-78.533, 0.236], [-78.539, 0.237], [-78.547, 0.236], [-78.557, 0.229], [-78.564, 0.225], [-78.574, 0.226], [-78.582, 0.23], [-78.59, 0.231], [-78.599, 0.23], [-78.607, 0.229], [-78.619, 0.227], [-78.626, 0.224], [-78.63, 0.22], [-78.635, 0.214], [-78.643, 0.213], [-78.65, 0.215], [-78.651, 0.219], [-78.656, 0.223], [-78.664, 0.222], [-78.671, 0.221], [-78.681, 0.222], [-78.689, 0.225], [-78.699, 0.225], [-78.708, 0.223], [-78.716, 0.221], [-78.724, 0.223], [-78.732, 0.228], [-78.74, 0.235], [-78.75, 0.241], [-78.762, 0.245], [-78.769, 0.247], [-78.779, 0.247], [-78.789, 0.242], [-78.796, 0.237], [-78.805, 0.232], [-78.816, 0.233], [-78.824, 0.24], [-78.827, 0.244], [-78.839, 0.247], [-78.85, 0.246], [-78.86, 0.244], [-78.872, 0.241], [-78.877, 0.234], [-78.886, 0.229], [-78.894, 0.223], [-78.901, 0.219], [-78.91, 0.218], [-78.921, 0.222], [-78.93, 0.22], [-78.935, 0.215], [-78.936, 0.212], [-78.946, 0.212], [-78.959, 0.218], [-78.965, 0.224], [-78.974, 0.225], [-78.984, 0.221], [-78.99, 0.219], [-78.995, 0.221], [-79.004, 0.225], [-79.01, 0.231], [-79.014, 0.238], [-79.015, 0.258], [-79.018, 0.276], [-79.023, 0.282], [-79.026, 0.284], [-79.034, 0.292], [-79.041, 0.295], [-79.051, 0.296], [-79.059, 0.301], [-79.064, 0.308], [-79.07, 0.311], [-79.076, 0.309], [-79.086, 0.306], [-79.097, 0.306], [-79.104, 0.309], [-79.112, 0.312], [-79.123, 0.315], [-79.129, 0.318], [-79.134, 0.323], [-79.142, 0.326], [-79.153, 0.325], [-79.161, 0.322], [-79.169, 0.32], [-79.178, 0.318], [-79.186, 0.32], [-79.193, 0.324], [-79.201, 0.325], [-79.21, 0.325], [-79.219, 0.326], [-79.227, 0.329], [-79.237, 0.329], [-79.248, 0.328], [-79.259, 0.327], [-79.267, 0.323], [-79.275, 0.321], [-79.275, 0.317], [-79.277, 0.305], [-79.282, 0.293], [-79.29, 0.286], [-79.3, 0.276], [-79.311, 0.267], [-79.32, 0.262], [-79.328, 0.259], [-79.337, 0.256], [-79.348, 0.25], [-79.362, 0.243], [-79.363, 0.234], [-79.356, 0.225], [-79.351, 0.22], [-79.344, 0.213], [-79.341, 0.21], [-79.332, 0.204], [-79.318, 0.193], [-79.313, 0.183], [-79.315, 0.17], [-79.324, 0.161], [-79.331, 0.148], [-79.334, 0.138], [-79.334, 0.126], [-79.339, 0.115], [-79.347, 0.103], [-79.354, 0.09], [-79.358, 0.083], [-79.363, 0.082]]]}}, {"type": "Feature", "properties": {"shapeName": "Manabi"}, "geometry": {"type": "MultiPolygon", "coordinates": [[[[-80.862, -1.6], [-80.861, -1.597], [-80.861, -1.595], [-80.862, -1.591], [-80.863, -1.59], [-80.865, -1.589], [-80.869, -1.589], [-80.872, -1.591], [-80.873, -1.593], [-80.873, -1.598], [-80.87, -1.6], [-80.865, -1.602], [-80.862, -1.6]]], [[[-81.05, -1.289], [-81.046, -1.287], [-81.045, -1.283], [-81.045, -1.279], [-81.048, -1.276], [-81.052, -1.272], [-81.056, -1.268], [-81.061, -1.265], [-81.068, -1.263], [-81.074, -1.261], [-81.078, -1.264], [-81.081, -1.268], [-81.084, -1.274], [-81.083, -1.28], [-81.08, -1.285], [-81.076, -1.287], [-81.068, -1.288], [-81.062, -1.289], [-81.056, -1.289], [-81.05, -1.289]]], [[[-79.962, 0.221], [-79.959, 0.227], [-79.958, 0.235], [-79.958, 0.243], [-79.96, 0.249], [-79.962, 0.252], [-79.967, 0.253], [-79.974, 0.249], [-79.978, 0.242], [-79.982, 0.236], [-79.982, 0.227], [-79.976, 0.22], [-79.97, 0.219], [-79.962, 0.221]]], [[[-79.947, 0.265], [-79.948, 0.26], [-79.95, 0.252], [-79.948, 0.246], [-79.943, 0.242], [-79.942, 0.233], [-79.943, 0.219], [-79.948, 0.211], [-79.955, 0.203], [-79.961, 0.195], [-79.971, 0.185], [-79.98, 0.185], [-79.981, 0.194], [-79.977, 0.201], [-79.978, 0.21], [-79.981, 0.215], [-79.989, 0.224], [-79.997, 0.23], [-80.002, 0.239], [-80.002, 0.25], [-80.0, 0.258], [-79.998, 0.265], [-79.995, 0.272], [-79.995, 0.278], [-79.996, 0.29], [-79.998, 0.301], [-80.0, 0.311], [-80.001, 0.317], [-80.003, 0.322], [-80.008, 0.332], [-80.013, 0.34], [-80.018, 0.347], [-80.022, 0.354], [-80.027, 0.364], [-80.035, 0.367], [-80.039, 0.361], [-80.041, 0.355], [-80.041, 0.344], [-80.041, 0.327], [-80.039, 0.319], [-80.035, 0.311], [-80.035, 0.305], [-80.039, 0.297], [-80.039, 0.285], [-80.036, 0.277], [-80.034, 0.272], [-80.033, 0.178], [-80.037, 0.165], [-80.041, 0.154], [-80.042, 0.144], [-80.043, 0.133], [-80.044, 0.123], [-80.047, 0.115], [-80.051, 0.104], [-80.059, 0.087], [-80.062, 0.077], [-80.067, 0.064], [-80.071, 0.057], [-80.079, 0.052], [-80.089, 0.048], [-80.095, 0.043], [-80.097, 0.034], [-80.097, 0.025], [-80.102, 0.013], [-80.108, 0.007], [-80.117, -0.005], [-80.123, -0.013], [-80.128, -0.028], [-80.136, -0.038], [-80.152, -0.05], [-80.175, -0.072], [-80.21, -0.111], [-80.246, -0.145], [-80.263, -0.157], [-80.278, -0.17], [-80.288, -0.176], [-80.297, -0.183], [-80.305, -0.185], [-80.314, -0.184], [-80.32, -0.18], [-80.326, -0.178], [-80.33, -0.179], [-80.333, -0.182], [-80.336, -0.187], [-80.34, -0.192], [-80.342, -0.196], [-80.347, -0.204], [-80.349, -0.208], [-80.353, -0.214], [-80.36, -0.219], [-80.364, -0.221], [-80.371, -0.224], [-80.378, -0.228], [-80.384, -0.24], [-80.388, -0.249], [-80.392, -0.259], [-80.394, -0.276], [-80.4, -0.291], [-80.406, -0.305], [-80.417, -0.315], [-80.431, -0.332], [-80.45, -0.348], [-80.467, -0.365], [-80.483, -0.37], [-80.491, -0.373], [-80.494, -0.381], [-80.497, -0.391], [-80.496, -0.404], [-80.493, -0.413], [-80.49, -0.421], [-80.487, -0.427], [-80.482, -0.436], [-80.477, -0.443], [-80.471, -0.449], [-80.467, -0.453], [-80.459, -0.463], [-80.456, -0.471], [-80.453, -0.481], [-80.452, -0.491], [-80.449, -0.504], [-80.446, -0.515], [-80.442, -0.529], [-80.44, -0.541], [-80.44, -0.55], [-80.436, -0.562], [-80.43, -0.568], [-80.419, -0.576], [-80.415, -0.582], [-80.409, -0.606], [-80.407, -0.615], [-80.404, -0.622], [-80.402, -0.627], [-80.399, -0.632], [-80.393, -0.639], [-80.386, -0.645], [-80.378, -0.645], [-80.372, -0.643], [-80.367, -0.638], [-80.362, -0.634], [-80.351, -0.632], [-80.343, -0.634], [-80.338, -0.636], [-80.331, -0.638], [-80.32, -0.638], [-80.311, -0.639], [-80.305, -0.644], [-80.306, -0.651], [-80.307, -0.655], [-80.31, -0.661], [-80.315, -0.665], [-80.317, -0.667], [-80.326, -0.668], [-80.33, -0.665], [-80.336, -0.661], [-80.342, -0.66], [-80.351, -0.66], [-80.362, -0.659], [-80.368, -0.659], [-80.373, -0.66], [-80.377, -0.661], [-80.382, -0.664], [-80.385, -0.665], [-80.388, -0.666], [-80.392, -0.665], [-80.396, -0.662], [-80.4, -0.658], [-80.405, -0.654], [-80.41, -0.649], [-80.418, -0.643], [-80.422, -0.638], [-80.425, -0.631], [-80.43, -0.622], [-80.432, -0.613], [-80.434, -0.607], [-80.438, -0.607], [-80.443, -0.607], [-80.447, -0.61], [-80.451, -0.612], [-80.454, -0.615], [-80.459, -0.623], [-80.465, -0.633], [-80.47, -0.643], [-80.474, -0.654], [-80.477, -0.66], [-80.48, -0.668], [-80.483, -0.677], [-80.486, -0.687], [-80.487, -0.698], [-80.492, -0.709], [-80.497, -0.721], [-80.504, -0.734], [-80.509, -0.745], [-80.514, -0.76], [-80.514, -0.775], [-80.518, -0.785], [-80.52, -0.796], [-80.521, -0.804], [-80.523, -0.813], [-80.526, -0.821], [-80.529, -0.83], [-80.531, -0.838], [-80.532, -0.846], [-80.536, -0.859], [-80.539, -0.866], [-80.544, -0.877], [-80.549, -0.885], [-80.556, -0.894], [-80.562, -0.901], [-80.568, -0.908], [-80.575, -0.917], [-80.582, -0.923], [-80.59, -0.93], [-80.599, -0.935], [-80.606, -0.937], [-80.613, -0.94], [-80.621, -0.945], [-80.63, -0.949], [-80.637, -0.948], [-80.642, -0.945], [-80.648, -0.94], [-80.653, -0.937], [-80.656, -0.933], [-80.661, -0.93], [-80.665, -0.931], [-80.674, -0.935], [-80.681, -0.939], [-80.689, -0.943], [-80.697, -0.948], [-80.707, -0.951], [-80.717, -0.951], [-80.724, -0.947], [-80.727, -0.943], [-80.732, -0.939], [-80.74, -0.939], [-80.747, -0.942], [-80.753, -0.945], [-80.76, -0.946], [-80.769, -0.951], [-80.775, -0.954], [-80.783, -0.959], [-80.79, -0.962], [-80.801, -0.963], [-80.809, -0.962], [-80.817, -0.96], [-80.822, -0.96], [-80.828, -0.963], [-80.832, -0.968], [-80.835, -0.972], [-80.839, -0.978], [-80.847, -0.986], [-80.858, -0.999], [-80.864, -1.007], [-80.868, -1.013], [-80.871, -1.018], [-80.876, -1.024], [-80.882, -1.03], [-80.887, -1.036], [-80.893, -1.04], [-80.899, -1.044], [-80.904, -1.051], [-80.911, -1.061], [-80.911, -1.067], [-80.91, -1.073], [-80.906, -1.079], [-80.904, -1.083], [-80.9, -1.093], [-80.898, -1.104], [-80.895, -1.111], [-80.893, -1.12], [-80.89, -1.128], [-80.887, -1.136], [-80.882, -1.148], [-80.877, -1.161], [-80.87, -1.171], [-80.864, -1.182], [-80.859, -1.192], [-80.847, -1.214], [-80.832, -1.227], [-80.822, -1.241], [-80.812, -1.258], [-80.8, -1.275], [-80.789, -1.287], [-80.782, -1.295], [-80.776, -1.301], [-80.771, -1.309], [-80.764, -1.318], [-80.757, -1.326], [-80.751, -1.335], [-80.744, -1.346], [-80.74, -1.353], [-80.739, -1.359], [-80.74, -1.367], [-80.743, -1.373], [-80.751, -1.379], [-80.757, -1.382], [-80.763, -1.385], [-80.765, -1.393], [-80.764, -1.4], [-80.762, -1.409], [-80.759, -1.413], [-80.754, -1.417], [-80.753, -1.425], [-80.755, -1.43], [-80.76, -1.434], [-80.768, -1.44], [-80.769, -1.448], [-80.767, -1.453], [-80.765, -1.458], [-80.765, -1.463], [-80.767, -1.469], [-80.774, -1.476], [-80.777, -1.483], [-80.783, -1.482], [-80.788, -1.48], [-80.792, -1.481], [-80.795, -1.484], [-80.799, -1.492], [-80.801, -1.497], [-80.805, -1.502], [-80.81, -1.506], [-80.814, -1.51], [-80.82, -1.518], [-80.82, -1.523], [-80.817, -1.53], [-80.814, -1.535], [-80.815, -1.545], [-80.816, -1.552], [-80.819, -1.559], [-80.825, -1.561], [-80.834, -1.564], [-80.841, -1.57], [-80.845, -1.584], [-80.849, -1.598], [-80.849, -1.605], [-80.848, -1.614], [-80.85, -1.622], [-80.845, -1.633], [-80.837, -1.639], [-80.831, -1.647], [-80.827, -1.655], [-80.823, -1.667], [-80.819, -1.677], [-80.815, -1.686], [-80.81, -1.694], [-80.8, -1.689], [-80.791, -1.686], [-80.779, -1.686], [-80.765, -1.68], [-80.755, -1.677], [-80.748, -1.676], [-80.741, -1.679], [-80.737, -1.684], [-80.734, -1.686], [-80.724, -1.688], [-80.717, -1.685], [-80.71, -1.679], [-80.704, -1.677], [-80.69, -1.674], [-80.677, -1.677], [-80.672, -1.681], [-80.665, -1.681], [-80.655, -1.676], [-80.648, -1.672], [-80.643, -1.667], [-80.637, -1.666], [-80.626, -1.666], [-80.617, -1.67], [-80.611, -1.674], [-80.606, -1.675], [-80.596, -1.678], [-80.59, -1.681], [-80.59, -1.686], [-80.594, -1.693], [-80.593, -1.702], [-80.592, -1.713], [-80.592, -1.724], [-80.59, -1.735], [-80.586, -1.741], [-80.58, -1.748], [-80.576, -1.756], [-80.572, -1.768], [-80.575, -1.786], [-80.58, -1.796], [-80.58, -1.806], [-80.576, -1.814], [-80.571, -1.821], [-80.563, -1.837], [-80.56, -1.845], [-80.555, -1.857], [-80.548, -1.868], [-80.541, -1.882], [-80.532, -1.893], [-80.525, -1.903], [-80.517, -1.916], [-80.509, -1.924], [-80.497, -1.928], [-80.482, -1.926], [-80.467, -1.93], [-80.457, -1.937], [-80.45, -1.945], [-80.445, -1.954], [-80.438, -1.944], [-80.436, -1.935], [-80.436, -1.926], [-80.437, -1.92], [-80.438, -1.912], [-80.436, -1.905], [-80.432, -1.902], [-80.43, -1.897], [-80.431, -1.892], [-80.434, -1.889], [-80.438, -1.884], [-80.439, -1.873], [-80.44, -1.86], [-80.437, -1.842], [-80.427, -1.838], [-80.416, -1.836], [-80.416, -1.826], [-80.421, -1.819], [-80.425, -1.811], [-80.429, -1.801], [-80.422, -1.79], [-80.403, -1.777], [-80.391, -1.764], [-80.382, -1.748], [-80.368, -1.74], [-80.354, -1.734], [-80.344, -1.723], [-80.336, -1.714], [-80.33, -1.704], [-80.326, -1.697], [-80.322, -1.695], [-80.317, -1.696], [-80.312, -1.7], [-80.305, -1.707], [-80.298, -1.709], [-80.292, -1.702], [-80.288, -1.696], [-80.285, -1.689], [-80.264, -1.687], [-80.239, -1.688], [-80.23, -1.691], [-80.226, -1.697], [-80.221, -1.697], [-80.215, -1.694], [-80.209, -1.689], [-80.208, -1.683], [-80.209, -1.677], [-80.215, -1.671], [-80.223, -1.659], [-80.228, -1.65], [-80.23, -1.642], [-80.229, -1.627], [-80.229, -1.62], [-80.231, -1.615], [-80.237, -1.614], [-80.244, -1.617], [-80.251, -1.62], [-80.259, -1.62], [-80.263, -1.612], [-80.268, -1.609], [-80.274, -1.601], [-80.277, -1.592], [-80.284, -1.584], [-80.288, -1.575], [-80.287, -1.569], [-80.284, -1.566], [-80.278, -1.568], [-80.272, -1.57], [-80.262, -1.571], [-80.251, -1.568], [-80.238, -1.57], [-80.23, -1.574], [-80.222, -1.578], [-80.214, -1.578], [-80.205, -1.576], [-80.198, -1.571], [-80.192, -1.563], [-80.187, -1.555], [-80.185, -1.545], [-80.187, -1.536], [-80.192, -1.53], [-80.198, -1.529], [-80.206, -1.526], [-80.208, -1.523], [-80.209, -1.509], [-80.207, -1.501], [-80.207, -1.492], [-80.21, -1.485], [-80.207, -1.478], [-80.201, -1.474], [-80.198, -1.466], [-80.198, -1.455], [-80.196, -1.448], [-80.195, -1.44], [-80.194, -1.43], [-80.183, -1.424], [-80.175, -1.417], [-80.167, -1.411], [-80.157, -1.405], [-80.153, -1.397], [-80.149, -1.384], [-80.151, -1.377], [-80.155, -1.367], [-80.151, -1.356], [-80.151, -1.346], [-80.147, -1.333], [-80.142, -1.324], [-80.138, -1.319], [-80.126, -1.316], [-80.115, -1.317], [-80.109, -1.32], [-80.103, -1.324], [-80.095, -1.328], [-80.087, -1.324], [-80.081, -1.316], [-80.074, -1.304], [-80.064, -1.298], [-80.052, -1.289], [-80.046, -1.284], [-80.035, -1.279], [-80.034, -1.271], [-80.031, -1.263], [-80.023, -1.253], [-80.015, -1.249], [-80.006, -1.236], [-80.001, -1.216], [-80.001, -1.204], [-80.0, -1.193], [-79.992, -1.187], [-79.99, -1.177], [-79.994, -1.171], [-79.999, -1.165], [-80.002, -1.159], [-80.005, -1.153], [-80.004, -1.147], [-80.002, -1.141], [-79.996, -1.138], [-79.987, -1.137], [-79.975, -1.14], [-79.963, -1.143], [-79.956, -1.146], [-79.947, -1.153], [-79.938, -1.155], [-79.926, -1.149], [-79.918, -1.143], [-79.895, -1.124], [-79.884, -1.114], [-79.876, -1.108], [-79.865, -1.102], [-79.849, -1.09], [-79.843, -1.08], [-79.839, -1.063], [-79.834, -1.054], [-79.825, -1.051], [-79.815, -1.043], [-79.807, -1.033], [-79.805, -1.024], [-79.803, -1.005], [-79.799, -0.989], [-79.792, -0.984], [-79.782, -0.979], [-79.778, -0.971], [-79.774, -0.956], [-79.768, -0.946], [-79.759, -0.936], [-79.751, -0.923], [-79.746, -0.911], [-79.737, -0.895], [-79.73, -0.889], [-79.723, -0.888], [-79.713, -0.889], [-79.707, -0.896], [-79.699, -0.902], [-79.686, -0.903], [-79.679, -0.899], [-79.666, -0.9], [-79.655, -0.903], [-79.65, -0.896], [-79.645, -0.888], [-79.633, -0.88], [-79.625, -0.872], [-79.616, -0.865], [-79.61, -0.856], [-79.61, -0.856], [-79.609, -0.847], [-79.605, -0.837], [-79.6, -0.824], [-79.6, -0.816], [-79.604, -0.81], [-79.605, -0.803], [-79.6, -0.794], [-79.598, -0.783], [-79.598, -0.776], [-79.599, -0.767], [-79.601, -0.761], [-79.599, -0.748], [-79.592, -0.743], [-79.588, -0.733], [-79.586, -0.726], [-79.583, -0.72], [-79.582, -0.718], [-79.58, -0.715], [-79.577, -0.713], [-79.573, -0.714], [-79.568, -0.716], [-79.562, -0.718], [-79.555, -0.721], [-79.551, -0.721], [-79.544, -0.719], [-79.539, -0.716], [-79.535, -0.711], [-79.535, -0.704], [-79.537, -0.698], [-79.54, -0.693], [-79.543, -0.683], [-79.544, -0.673], [-79.543, -0.666], [-79.539, -0.661], [-79.533, -0.657], [-79.525, -0.652], [-79.519, -0.644], [-79.513, -0.634], [-79.509, -0.626], [-79.505, -0.619], [-79.503, -0.614], [-79.497, -0.61], [-79.49, -0.602], [-79.488, -0.592], [-79.493, -0.581], [-79.497, -0.574], [-79.497, -0.566], [-79.494, -0.555], [-79.486, -0.55], [-79.473, -0.549], [-79.469, -0.548], [-79.469, -0.547], [-79.476, -0.542], [-79.477, -0.535], [-79.475, -0.527], [-79.469, -0.517], [-79.464, -0.51], [-79.461, -0.495], [-79.459, -0.482], [-79.462, -0.478], [-79.464, -0.47], [-79.461, -0.464], [-79.453, -0.456], [-79.442, -0.445], [-79.434, -0.433], [-79.415, -0.412], [-79.405, -0.403], [-79.402, -0.39], [-79.401, -0.378], [-79.405, -0.346], [-79.409, -0.32], [-79.411, -0.19], [-79.418, -0.181], [-79.427, -0.176], [-79.452, -0.176], [-79.468, -0.173], [-79.498, -0.168], [-79.512, -0.164], [-79.52, -0.156], [-79.526, -0.147], [-79.53, -0.139], [-79.537, -0.13], [-79.544, -0.123], [-79.548, -0.107], [-79.555, -0.098], [-79.566, -0.09], [-79.574, -0.084], [-79.585, -0.072], [-79.594, -0.067], [-79.602, -0.058], [-79.61, -0.052], [-79.615, -0.043], [-79.615, -0.036], [-79.613, -0.03], [-79.608, -0.022], [-79.608, -0.014], [-79.611, -0.007], [-79.616, -0.003], [-79.62, 0.004], [-79.621, 0.009], [-79.624, 0.018], [-79.625, 0.024], [-79.623, 0.03], [-79.626, 0.036], [-79.627, 0.044], [-79.626, 0.053], [-79.621, 0.059], [-79.615, 0.063], [-79.609, 0.069], [-79.606, 0.079], [-79.6, 0.088], [-79.596, 0.094], [-79.59, 0.101], [-79.585, 0.106], [-79.579, 0.117], [-79.575, 0.127], [-79.575, 0.127], [-79.579, 0.124], [-79.589, 0.122], [-79.596, 0.127], [-79.601, 0.131], [-79.609, 0.135], [-79.613, 0.139], [-79.621, 0.147], [-79.625, 0.153], [-79.63, 0.158], [-79.636, 0.161], [-79.644, 0.16], [-79.648, 0.157], [-79.654, 0.155], [-79.659, 0.158], [-79.661, 0.162], [-79.662, 0.168], [-79.662, 0.173], [-79.667, 0.178], [-79.674, 0.178], [-79.679, 0.178], [-79.688, 0.174], [-79.697, 0.176], [-79.702, 0.18], [-79.708, 0.183], [-79.713, 0.191], [-79.712, 0.202], [-79.71, 0.209], [-79.708, 0.213], [-79.704, 0.22], [-79.698, 0.224], [-79.693, 0.229], [-79.689, 0.236], [-79.68, 0.242], [-79.676, 0.248], [-79.675, 0.257], [-79.677, 0.263], [-79.682, 0.27], [-79.687, 0.274], [-79.694, 0.279], [-79.703, 0.28], [-79.709, 0.277], [-79.717, 0.273], [-79.726, 0.277], [-79.73, 0.281], [-79.73, 0.286], [-79.726, 0.289], [-79.724, 0.294], [-79.72, 0.299], [-79.718, 0.311], [-79.721, 0.319], [-79.727, 0.324], [-79.734, 0.32], [-79.741, 0.317], [-79.75, 0.312], [-79.761, 0.307], [-79.77, 0.302], [-79.781, 0.298], [-79.791, 0.298], [-79.799, 0.302], [-79.806, 0.309], [-79.812, 0.316], [-79.823, 0.324], [-79.832, 0.329], [-79.843, 0.331], [-79.85, 0.327], [-79.857, 0.321], [-79.865, 0.317], [-79.872, 0.319], [-79.88, 0.321], [-79.89, 0.324], [-79.895, 0.322], [-79.901, 0.315], [-79.901, 0.309], [-79.906, 0.3], [-79.912, 0.291], [-79.918, 0.28], [-79.923, 0.276], [-79.927, 0.269], [-79.927, 0.265], [-79.932, 0.258], [-79.937, 0.263], [-79.941, 0.265], [-79.947, 0.265]]], [[[-80.002, 0.369], [-79.997, 0.373], [-79.993, 0.379], [-79.993, 0.386], [-79.996, 0.391], [-80.001, 0.394], [-80.009, 0.395], [-80.016, 0.397], [-80.023, 0.4], [-80.029, 0.403], [-80.036, 0.405], [-80.038, 0.402], [-80.035, 0.386], [-80.03, 0.38], [-80.025, 0.376], [-80.019, 0.371], [-80.012, 0.368], [-80.007, 0.367], [-80.002, 0.369]]]]}}, {"type": "Feature", "properties": {"shapeName": "Azuay"}, "geometry": {"type": "Polygon", "coordinates": [[[-79.098, -3.625], [-79.096, -3.625], [-79.092, -3.624], [-79.084, -3.623], [-79.073, -3.621], [-79.063, -3.619], [-79.055, -3.613], [-79.05, -3.604], [-79.048, -3.594], [-79.044, -3.589], [-79.04, -3.584], [-79.042, -3.576], [-79.046, -3.567], [-79.05, -3.547], [-79.053, -3.534], [-79.059, -3.527], [-79.064, -3.513], [-79.059, -3.503], [-79.05, -3.498], [-79.039, -3.49], [-79.036, -3.477], [-79.04, -3.463], [-79.045, -3.456], [-79.05, -3.445], [-79.056, -3.434], [-79.054, -3.425], [-79.043, -3.409], [-79.028, -3.392], [-79.014, -3.381], [-78.999, -3.369], [-78.985, -3.361], [-78.973, -3.353], [-78.966, -3.351], [-78.957, -3.347], [-78.95, -3.344], [-78.945, -3.344], [-78.945, -3.328], [-78.945, -3.315], [-78.942, -3.303], [-78.937, -3.292], [-78.932, -3.283], [-78.93, -3.28], [-78.918, -3.274], [-78.907, -3.268], [-78.899, -3.263], [-78.893, -3.257], [-78.879, -3.249], [-78.868, -3.244], [-78.861, -3.233], [-78.851, -3.227], [-78.846, -3.229], [-78.843, -3.236], [-78.833, -3.238], [-78.824, -3.234], [-78.818, -3.227], [-78.81, -3.217], [-78.8, -3.203], [-78.783, -3.185], [-78.773, -3.162], [-78.767, -3.148], [-78.761, -3.136], [-78.755, -3.13], [-78.74, -3.124], [-78.72, -3.12], [-78.7, -3.115], [-78.693, -3.109], [-78.685, -3.096], [-78.682, -3.084], [-78.678, -3.071], [-78.67, -3.061], [-78.671, -3.031], [-78.669, -3.026], [-78.661, -3.018], [-78.657, -3.0], [-78.652, -2.992], [-78.642, -2.984], [-78.634, -2.976], [-78.633, -2.967], [-78.635, -2.958], [-78.634, -2.949], [-78.63, -2.94], [-78.628, -2.93], [-78.627, -2.92], [-78.626, -2.913], [-78.621, -2.912], [-78.612, -2.899], [-78.603, -2.886], [-78.59, -2.866], [-78.576, -2.853], [-78.571, -2.841], [-78.576, -2.827], [-78.588, -2.815], [-78.596, -2.806], [-78.603, -2.799], [-78.61, -2.786], [-78.609, -2.774], [-78.601, -2.765], [-78.594, -2.759], [-78.592, -2.748], [-78.587, -2.738], [-78.581, -2.723], [-78.571, -2.707], [-78.564, -2.7], [-78.551, -2.697], [-78.538, -2.692], [-78.522, -2.689], [-78.512, -2.681], [-78.507, -2.673], [-78.501, -2.665], [-78.49, -2.657], [-78.48, -2.656], [-78.469, -2.661], [-78.461, -2.658], [-78.445, -2.652], [-78.432, -2.64], [-78.424, -2.628], [-78.424, -2.619], [-78.429, -2.61], [-78.433, -2.604], [-78.441, -2.595], [-78.451, -2.591], [-78.464, -2.583], [-78.473, -2.576], [-78.486, -2.572], [-78.496, -2.572], [-78.504, -2.576], [-78.511, -2.584], [-78.517, -2.59], [-78.52, -2.601], [-78.52, -2.607], [-78.524, -2.616], [-78.529, -2.623], [-78.538, -2.622], [-78.545, -2.62], [-78.552, -2.614], [-78.558, -2.609], [-78.563, -2.601], [-78.565, -2.592], [-78.561, -2.582], [-78.561, -2.574], [-78.564, -2.564], [-78.567, -2.563], [-78.568, -2.564], [-78.573, -2.569], [-78.578, -2.575], [-78.584, -2.577], [-78.595, -2.581], [-78.603, -2.585], [-78.612, -2.592], [-78.622, -2.6], [-78.621, -2.608], [-78.618, -2.612], [-78.615, -2.619], [-78.614, -2.628], [-78.614, -2.635], [-78.622, -2.641], [-78.63, -2.642], [-78.639, -2.642], [-78.653, -2.65], [-78.658, -2.658], [-78.661, -2.673], [-78.667, -2.678], [-78.678, -2.676], [-78.687, -2.671], [-78.692, -2.676], [-78.701, -2.684], [-78.715, -2.688], [-78.731, -2.684], [-78.741, -2.679], [-78.762, -2.671], [-78.775, -2.674], [-78.78, -2.681], [-78.782, -2.69], [-78.783, -2.704], [-78.79, -2.708], [-78.796, -2.715], [-78.795, -2.725], [-78.79, -2.73], [-78.788, -2.736], [-78.788, -2.749], [-78.791, -2.759], [-78.802, -2.77], [-78.81, -2.778], [-78.816, -2.784], [-78.82, -2.794], [-78.818, -2.803], [-78.814, -2.812], [-78.816, -2.819], [-78.825, -2.823], [-78.835, -2.82], [-78.842, -2.82], [-78.848, -2.822], [-78.861, -2.825], [-78.876, -2.827], [-78.885, -2.833], [-78.897, -2.838], [-78.905, -2.841], [-78.914, -2.84], [-78.922, -2.836], [-78.93, -2.832], [-78.937, -2.826], [-78.942, -2.822], [-78.944, -2.811], [-78.944, -2.807], [-78.941, -2.799], [-78.941, -2.791], [-78.942, -2.784], [-78.945, -2.776], [-78.948, -2.772], [-78.957, -2.766], [-78.965, -2.761], [-78.974, -2.752], [-78.984, -2.745], [-78.994, -2.737], [-79.004, -2.727], [-79.012, -2.718], [-79.017, -2.707], [-79.02, -2.697], [-79.022, -2.691], [-79.033, -2.687], [-79.042, -2.686], [-79.047, -2.689], [-79.051, -2.694], [-79.057, -2.703], [-79.063, -2.71], [-79.067, -2.716], [-79.073, -2.726], [-79.081, -2.732], [-79.086, -2.732], [-79.093, -2.729], [-79.1, -2.727], [-79.111, -2.723], [-79.12, -2.719], [-79.124, -2.717], [-79.136, -2.719], [-79.142, -2.725], [-79.146, -2.733], [-79.152, -2.738], [-79.156, -2.737], [-79.164, -2.734], [-79.172, -2.728], [-79.181, -2.722], [-79.19, -2.722], [-79.199, -2.725], [-79.207, -2.726], [-79.212, -2.722], [-79.218, -2.719], [-79.225, -2.71], [-79.231, -2.705], [-79.235, -2.698], [-79.238, -2.691], [-79.242, -2.682], [-79.237, -2.676], [-79.235, -2.667], [-79.238, -2.662], [-79.243, -2.653], [-79.246, -2.647], [-79.248, -2.638], [-79.248, -2.632], [-79.247, -2.626], [-79.245, -2.617], [-79.244, -2.609], [-79.244, -2.601], [-79.248, -2.59], [-79.253, -2.583], [-79.255, -2.578], [-79.26, -2.574], [-79.272, -2.568], [-79.285, -2.568], [-79.298, -2.568], [-79.313, -2.566], [-79.325, -2.564], [-79.333, -2.566], [-79.338, -2.568], [-79.345, -2.57], [-79.356, -2.567], [-79.357, -2.567], [-79.362, -2.57], [-79.365, -2.578], [-79.369, -2.588], [-79.374, -2.594], [-79.375, -2.608], [-79.376, -2.619], [-79.377, -2.628], [-79.385, -2.632], [-79.396, -2.628], [-79.413, -2.617], [-79.419, -2.611], [-79.431, -2.604], [-79.435, -2.607], [-79.438, -2.617], [-79.439, -2.625], [-79.443, -2.634], [-79.443, -2.644], [-79.441, -2.656], [-79.438, -2.664], [-79.434, -2.671], [-79.435, -2.68], [-79.443, -2.689], [-79.454, -2.688], [-79.459, -2.682], [-79.464, -2.674], [-79.47, -2.661], [-79.473, -2.655], [-79.476, -2.647], [-79.478, -2.638], [-79.483, -2.632], [-79.489, -2.629], [-79.496, -2.629], [-79.5, -2.635], [-79.501, -2.643], [-79.501, -2.652], [-79.503, -2.657], [-79.51, -2.669], [-79.516, -2.679], [-79.523, -2.685], [-79.534, -2.688], [-79.535, -2.69], [-79.532, -2.7], [-79.524, -2.706], [-79.519, -2.711], [-79.519, -2.72], [-79.527, -2.726], [-79.534, -2.727], [-79.539, -2.737], [-79.54, -2.755], [-79.535, -2.771], [-79.53, -2.791], [-79.529, -2.815], [-79.523, -2.82], [-79.509, -2.825], [-79.504, -2.839], [-79.505, -2.855], [-79.508, -2.863], [-79.518, -2.868], [-79.531, -2.869], [-79.54, -2.877], [-79.556, -2.884], [-79.567, -2.889], [-79.579, -2.893], [-79.586, -2.899], [-79.593, -2.906], [-79.601, -2.915], [-79.605, -2.921], [-79.604, -2.929], [-79.595, -2.932], [-79.595, -2.941], [-79.597, -2.948], [-79.604, -2.951], [-79.608, -2.956], [-79.606, -2.961], [-79.604, -2.972], [-79.603, -2.979], [-79.61, -2.988], [-79.619, -2.992], [-79.628, -2.994], [-79.634, -2.995], [-79.639, -2.994], [-79.645, -2.991], [-79.649, -2.989], [-79.653, -2.984], [-79.657, -2.979], [-79.661, -2.975], [-79.668, -2.975], [-79.671, -2.979], [-79.676, -2.981], [-79.683, -2.979], [-79.688, -2.978], [-79.698, -2.979], [-79.704, -2.982], [-79.714, -2.984], [-79.719, -2.988], [-79.719, -2.996], [-79.716, -3.004], [-79.712, -3.011], [-79.717, -3.016], [-79.726, -3.017], [-79.737, -3.018], [-79.745, -3.02], [-79.748, -3.025], [-79.749, -3.037], [-79.746, -3.046], [-79.745, -3.05], [-79.749, -3.057], [-79.753, -3.061], [-79.756, -3.067], [-79.76, -3.071], [-79.759, -3.071], [-79.755, -3.078], [-79.748, -3.084], [-79.742, -3.09], [-79.734, -3.095], [-79.723, -3.102], [-79.711, -3.106], [-79.695, -3.111], [-79.685, -3.115], [-79.675, -3.121], [-79.667, -3.126], [-79.657, -3.131], [-79.648, -3.135], [-79.638, -3.139], [-79.624, -3.142], [-79.611, -3.145], [-79.599, -3.151], [-79.593, -3.156], [-79.591, -3.162], [-79.591, -3.173], [-79.596, -3.184], [-79.598, -3.194], [-79.596, -3.205], [-79.599, -3.219], [-79.61, -3.228], [-79.62, -3.235], [-79.625, -3.246], [-79.626, -3.258], [-79.628, -3.271], [-79.633, -3.281], [-79.639, -3.292], [-79.646, -3.299], [-79.651, -3.31], [-79.653, -3.315], [-79.653, -3.323], [-79.648, -3.328], [-79.639, -3.33], [-79.63, -3.328], [-79.623, -3.327], [-79.613, -3.331], [-79.604, -3.331], [-79.595, -3.328], [-79.583, -3.327], [-79.574, -3.324], [-79.566, -3.318], [-79.553, -3.319], [-79.536, -3.319], [-79.523, -3.317], [-79.514, -3.314], [-79.507, -3.316], [-79.495, -3.32], [-79.481, -3.321], [-79.473, -3.321], [-79.465, -3.325], [-79.462, -3.334], [-79.461, -3.338], [-79.454, -3.336], [-79.447, -3.336], [-79.441, -3.34], [-79.431, -3.343], [-79.422, -3.345], [-79.413, -3.345], [-79.403, -3.346], [-79.398, -3.349], [-79.388, -3.353], [-79.377, -3.353], [-79.366, -3.35], [-79.358, -3.347], [-79.348, -3.345], [-79.338, -3.345], [-79.332, -3.348], [-79.325, -3.351], [-79.317, -3.355], [-79.308, -3.362], [-79.304, -3.366], [-79.302, -3.373], [-79.3, -3.384], [-79.305, -3.393], [-79.304, -3.4], [-79.3, -3.405], [-79.298, -3.409], [-79.301, -3.416], [-79.303, -3.421], [-79.304, -3.427], [-79.302, -3.432], [-79.3, -3.439], [-79.297, -3.449], [-79.294, -3.457], [-79.29, -3.465], [-79.286, -3.472], [-79.281, -3.476], [-79.277, -3.477], [-79.27, -3.481], [-79.266, -3.482], [-79.261, -3.483], [-79.252, -3.481], [-79.246, -3.479], [-79.238, -3.473], [-79.23, -3.468], [-79.22, -3.463], [-79.209, -3.457], [-79.201, -3.451], [-79.196, -3.449], [-79.188, -3.446], [-79.181, -3.446], [-79.177, -3.453], [-79.176, -3.46], [-79.171, -3.467], [-79.166, -3.473], [-79.16, -3.479], [-79.158, -3.483], [-79.158, -3.491], [-79.16, -3.498], [-79.157, -3.504], [-79.149, -3.513], [-79.142, -3.521], [-79.138, -3.528], [-79.137, -3.544], [-79.139, -3.557], [-79.141, -3.565], [-79.14, -3.573], [-79.136, -3.586], [-79.133, -3.593], [-79.124, -3.604], [-79.118, -3.608], [-79.11, -3.615], [-79.103, -3.621], [-79.098, -3.625], [-79.098, -3.625]]]}}, {"type": "Feature", "properties": {"shapeName": "Cañar"}, "geometry": {"type": "Polygon", "coordinates": [[[-78.568, -2.564], [-78.571, -2.554], [-78.572, -2.55], [-78.576, -2.541], [-78.582, -2.537], [-78.588, -2.535], [-78.598, -2.531], [-78.605, -2.526], [-78.611, -2.521], [-78.616, -2.514], [-78.621, -2.509], [-78.629, -2.502], [-78.638, -2.498], [-78.647, -2.493], [-78.654, -2.484], [-78.657, -2.479], [-78.662, -2.468], [-78.665, -2.46], [-78.669, -2.452], [-78.678, -2.449], [-78.688, -2.447], [-78.698, -2.444], [-78.706, -2.434], [-78.713, -2.426], [-78.717, -2.422], [-78.726, -2.426], [-78.731, -2.432], [-78.736, -2.434], [-78.747, -2.434], [-78.752, -2.428], [-78.762, -2.428], [-78.767, -2.432], [-78.774, -2.435], [-78.78, -2.433], [-78.786, -2.428], [-78.79, -2.421], [-78.793, -2.415], [-78.793, -2.406], [-78.791, -2.401], [-78.793, -2.395], [-78.797, -2.386], [-78.805, -2.38], [-78.817, -2.379], [-78.825, -2.382], [-78.829, -2.387], [-78.836, -2.393], [-78.847, -2.395], [-78.859, -2.397], [-78.873, -2.397], [-78.885, -2.399], [-78.889, -2.401], [-78.895, -2.408], [-78.902, -2.41], [-78.908, -2.409], [-78.919, -2.403], [-78.926, -2.402], [-78.935, -2.397], [-78.941, -2.392], [-78.949, -2.388], [-78.96, -2.385], [-78.969, -2.382], [-78.982, -2.378], [-78.993, -2.378], [-79.002, -2.378], [-79.008, -2.376], [-79.014, -2.37], [-79.022, -2.362], [-79.031, -2.352], [-79.042, -2.338], [-79.048, -2.325], [-79.055, -2.319], [-79.06, -2.312], [-79.064, -2.304], [-79.07, -2.295], [-79.075, -2.292], [-79.082, -2.288], [-79.086, -2.284], [-79.092, -2.276], [-79.095, -2.267], [-79.101, -2.261], [-79.107, -2.254], [-79.117, -2.248], [-79.124, -2.243], [-79.133, -2.236], [-79.137, -2.236], [-79.14, -2.236], [-79.143, -2.24], [-79.149, -2.249], [-79.152, -2.256], [-79.157, -2.264], [-79.164, -2.273], [-79.169, -2.283], [-79.171, -2.292], [-79.178, -2.3], [-79.191, -2.306], [-79.197, -2.312], [-79.201, -2.319], [-79.202, -2.324], [-79.199, -2.33], [-79.201, -2.337], [-79.209, -2.344], [-79.223, -2.347], [-79.228, -2.352], [-79.232, -2.361], [-79.239, -2.374], [-79.244, -2.381], [-79.256, -2.392], [-79.264, -2.4], [-79.272, -2.404], [-79.281, -2.402], [-79.297, -2.399], [-79.316, -2.396], [-79.324, -2.393], [-79.33, -2.387], [-79.338, -2.38], [-79.345, -2.373], [-79.355, -2.367], [-79.363, -2.365], [-79.377, -2.362], [-79.389, -2.359], [-79.397, -2.353], [-79.402, -2.346], [-79.408, -2.342], [-79.416, -2.342], [-79.42, -2.346], [-79.422, -2.356], [-79.425, -2.363], [-79.433, -2.373], [-79.434, -2.382], [-79.43, -2.385], [-79.426, -2.392], [-79.423, -2.396], [-79.42, -2.404], [-79.421, -2.412], [-79.427, -2.421], [-79.439, -2.428], [-79.45, -2.434], [-79.46, -2.443], [-79.467, -2.452], [-79.484, -2.466], [-79.497, -2.478], [-79.51, -2.485], [-79.522, -2.496], [-79.523, -2.507], [-79.52, -2.518], [-79.511, -2.523], [-79.5, -2.531], [-79.486, -2.528], [-79.479, -2.519], [-79.47, -2.511], [-79.463, -2.505], [-79.453, -2.5], [-79.43, -2.497], [-79.399, -2.499], [-79.389, -2.505], [-79.382, -2.513], [-79.38, -2.532], [-79.377, -2.543], [-79.371, -2.552], [-79.367, -2.56], [-79.363, -2.565], [-79.357, -2.567], [-79.356, -2.567], [-79.345, -2.57], [-79.338, -2.568], [-79.333, -2.566], [-79.325, -2.564], [-79.313, -2.566], [-79.298, -2.568], [-79.285, -2.568], [-79.272, -2.568], [-79.26, -2.574], [-79.255, -2.578], [-79.253, -2.583], [-79.248, -2.59], [-79.244, -2.601], [-79.244, -2.609], [-79.245, -2.617], [-79.247, -2.626], [-79.248, -2.632], [-79.248, -2.638], [-79.246, -2.647], [-79.243, -2.653], [-79.238, -2.662], [-79.235, -2.667], [-79.237, -2.676], [-79.242, -2.682], [-79.238, -2.691], [-79.235, -2.698], [-79.231, -2.705], [-79.225, -2.71], [-79.218, -2.719], [-79.212, -2.722], [-79.207, -2.726], [-79.199, -2.725], [-79.19, -2.722], [-79.181, -2.722], [-79.172, -2.728], [-79.164, -2.734], [-79.156, -2.737], [-79.152, -2.738], [-79.146, -2.733], [-79.142, -2.725], [-79.136, -2.719], [-79.124, -2.717], [-79.12, -2.719], [-79.111, -2.723], [-79.1, -2.727], [-79.093, -2.729], [-79.086, -2.732], [-79.081, -2.732], [-79.073, -2.726], [-79.067, -2.716], [-79.063, -2.71], [-79.057, -2.703], [-79.051, -2.694], [-79.047, -2.689], [-79.042, -2.686], [-79.033, -2.687], [-79.022, -2.691], [-79.02, -2.697], [-79.017, -2.707], [-79.012, -2.718], [-79.004, -2.727], [-78.994, -2.737], [-78.984, -2.745], [-78.974, -2.752], [-78.965, -2.761], [-78.957, -2.766], [-78.948, -2.772], [-78.945, -2.776], [-78.942, -2.784], [-78.941, -2.791], [-78.941, -2.799], [-78.944, -2.807], [-78.944, -2.811], [-78.942, -2.822], [-78.937, -2.826], [-78.93, -2.832], [-78.922, -2.836], [-78.914, -2.84], [-78.905, -2.841], [-78.897, -2.838], [-78.885, -2.833], [-78.876, -2.827], [-78.861, -2.825], [-78.848, -2.822], [-78.842, -2.82], [-78.835, -2.82], [-78.825, -2.823], [-78.816, -2.819], [-78.814, -2.812], [-78.818, -2.803], [-78.82, -2.794], [-78.816, -2.784], [-78.81, -2.778], [-78.802, -2.77], [-78.791, -2.759], [-78.788, -2.749], [-78.788, -2.736], [-78.79, -2.73], [-78.795, -2.725], [-78.796, -2.715], [-78.79, -2.708], [-78.783, -2.704], [-78.782, -2.69], [-78.78, -2.681], [-78.775, -2.674], [-78.762, -2.671], [-78.741, -2.679], [-78.731, -2.684], [-78.715, -2.688], [-78.701, -2.684], [-78.692, -2.676], [-78.687, -2.671], [-78.678, -2.676], [-78.667, -2.678], [-78.661, -2.673], [-78.658, -2.658], [-78.653, -2.65], [-78.639, -2.642], [-78.63, -2.642], [-78.622, -2.641], [-78.614, -2.635], [-78.614, -2.628], [-78.615, -2.619], [-78.618, -2.612], [-78.621, -2.608], [-78.622, -2.6], [-78.612, -2.592], [-78.603, -2.585], [-78.595, -2.581], [-78.584, -2.577], [-78.578, -2.575], [-78.573, -2.569], [-78.568, -2.564]]]}}, {"type": "Feature", "properties": {"shapeName": "Guayas"}, "geometry": {"type": "MultiPolygon", "coordinates": [[[[-80.431, -3.192], [-80.423, -3.181], [-80.424, -3.17], [-80.424, -3.165], [-80.428, -3.163], [-80.437, -3.173], [-80.446, -3.182], [-80.446, -3.193], [-80.44, -3.196], [-80.431, -3.192]]], [[[-80.093, -2.938], [-80.088, -2.935], [-80.082, -2.93], [-80.082, -2.923], [-80.085, -2.918], [-80.091, -2.913], [-80.098, -2.911], [-80.103, -2.916], [-80.106, -2.918], [-80.108, -2.922], [-80.109, -2.929], [-80.108, -2.934], [-80.106, -2.939], [-80.1, -2.941], [-80.093, -2.938]]], [[[-80.064, -2.927], [-80.061, -2.922], [-80.062, -2.914], [-80.066, -2.911], [-80.069, -2.907], [-80.072, -2.902], [-80.074, -2.901], [-80.078, -2.9], [-80.085, -2.902], [-80.088, -2.905], [-80.087, -2.911], [-80.081, -2.919], [-80.077, -2.923], [-80.073, -2.926], [-80.069, -2.928], [-80.064, -2.927]]], [[[-80.117, -2.884], [-80.107, -2.877], [-80.103, -2.871], [-80.099, -2.861], [-80.098, -2.856], [-80.102, -2.851], [-80.108, -2.85], [-80.117, -2.851], [-80.125, -2.854], [-80.132, -2.859], [-80.136, -2.865], [-80.138, -2.87], [-80.134, -2.88], [-80.126, -2.884], [-80.117, -2.884]]], [[[-80.043, -2.891], [-80.038, -2.883], [-80.036, -2.874], [-80.036, -2.868], [-80.039, -2.863], [-80.047, -2.859], [-80.056, -2.856], [-80.062, -2.852], [-80.067, -2.848], [-80.072, -2.845], [-80.08, -2.845], [-80.087, -2.845], [-80.09, -2.851], [-80.09, -2.858], [-80.093, -2.867], [-80.099, -2.873], [-80.102, -2.879], [-80.102, -2.887], [-80.097, -2.896], [-80.086, -2.896], [-80.08, -2.891], [-80.075, -2.892], [-80.07, -2.9], [-80.065, -2.907], [-80.06, -2.909], [-80.053, -2.909], [-80.048, -2.901], [-80.043, -2.891]]], [[[-79.928, -2.792], [-79.923, -2.788], [-79.917, -2.783], [-79.913, -2.779], [-79.906, -2.769], [-79.902, -2.761], [-79.899, -2.754], [-79.898, -2.75], [-79.899, -2.745], [-79.905, -2.742], [-79.909, -2.739], [-79.917, -2.735], [-79.922, -2.731], [-79.932, -2.727], [-79.942, -2.72], [-79.952, -2.716], [-79.965, -2.713], [-79.977, -2.708], [-79.986, -2.7], [-79.998, -2.69], [-80.012, -2.682], [-80.019, -2.679], [-80.036, -2.673], [-80.049, -2.68], [-80.064, -2.687], [-80.08, -2.689], [-80.096, -2.693], [-80.108, -2.7], [-80.121, -2.705], [-80.132, -2.712], [-80.139, -2.717], [-80.149, -2.719], [-80.163, -2.722], [-80.172, -2.724], [-80.179, -2.728], [-80.186, -2.731], [-80.198, -2.737], [-80.207, -2.74], [-80.214, -2.745], [-80.215, -2.752], [-80.213, -2.757], [-80.21, -2.762], [-80.212, -2.773], [-80.216, -2.78], [-80.222, -2.788], [-80.229, -2.798], [-80.234, -2.807], [-80.238, -2.821], [-80.241, -2.826], [-80.245, -2.833], [-80.248, -2.839], [-80.251, -2.847], [-80.257, -2.855], [-80.259, -2.861], [-80.261, -2.871], [-80.258, -2.877], [-80.255, -2.888], [-80.255, -2.916], [-80.255, -2.954], [-80.255, -2.962], [-80.254, -2.97], [-80.256, -2.982], [-80.259, -2.986], [-80.26, -2.997], [-80.26, -3.005], [-80.258, -3.011], [-80.256, -3.017], [-80.249, -3.03], [-80.242, -3.032], [-80.229, -3.033], [-80.22, -3.035], [-80.215, -3.038], [-80.21, -3.04], [-80.196, -3.04], [-80.188, -3.038], [-80.179, -3.032], [-80.171, -3.026], [-80.167, -3.017], [-80.164, -3.013], [-80.155, -3.011], [-80.145, -3.015], [-80.14, -3.019], [-80.135, -3.022], [-80.13, -3.022], [-80.125, -3.019], [-80.12, -3.012], [-80.116, -3.003], [-80.111, -2.992], [-80.104, -2.984], [-80.096, -2.975], [-80.093, -2.964], [-80.094, -2.953], [-80.1, -2.948], [-80.107, -2.943], [-80.114, -2.938], [-80.118, -2.932], [-80.119, -2.921], [-80.12, -2.913], [-80.125, -2.906], [-80.13, -2.901], [-80.136, -2.895], [-80.143, -2.886], [-80.148, -2.882], [-80.151, -2.878], [-80.152, -2.869], [-80.15, -2.861], [-80.147, -2.854], [-80.141, -2.844], [-80.131, -2.839], [-80.125, -2.839], [-80.116, -2.84], [-80.109, -2.843], [-80.102, -2.844], [-80.095, -2.84], [-80.085, -2.839], [-80.067, -2.845], [-80.05, -2.851], [-80.04, -2.857], [-80.032, -2.857], [-80.025, -2.855], [-80.013, -2.846], [-80.01, -2.838], [-80.004, -2.827], [-80.0, -2.821], [-79.991, -2.813], [-79.98, -2.806], [-79.969, -2.797], [-79.961, -2.794], [-79.947, -2.795], [-79.936, -2.795], [-79.928, -2.792]]], [[[-79.902, -2.676], [-79.904, -2.669], [-79.907, -2.667], [-79.911, -2.666], [-79.915, -2.667], [-79.919, -2.67], [-79.919, -2.676], [-79.913, -2.68], [-79.906, -2.68], [-79.902, -2.676]]], [[[-80.174, -2.665], [-80.171, -2.66], [-80.173, -2.657], [-80.176, -2.655], [-80.181, -2.657], [-80.185, -2.66], [-80.185, -2.665], [-80.18, -2.666], [-80.174, -2.665]]], [[[-80.183, -2.654], [-80.182, -2.65], [-80.182, -2.645], [-80.185, -2.644], [-80.19, -2.644], [-80.195, -2.648], [-80.196, -2.651], [-80.193, -2.656], [-80.189, -2.656], [-80.183, -2.654]]], [[[-79.953, -2.659], [-79.939, -2.655], [-79.935, -2.646], [-79.939, -2.639], [-79.941, -2.631], [-79.944, -2.622], [-79.948, -2.62], [-79.955, -2.621], [-79.969, -2.627], [-79.977, -2.633], [-79.984, -2.638], [-79.991, -2.646], [-79.991, -2.653], [-79.971, -2.659], [-79.953, -2.659]]], [[[-79.995, -2.626], [-79.984, -2.622], [-79.974, -2.619], [-79.976, -2.612], [-79.98, -2.608], [-79.986, -2.603], [-79.996, -2.604], [-80.006, -2.607], [-80.014, -2.614], [-80.016, -2.62], [-80.015, -2.631], [-80.008, -2.633], [-79.995, -2.626]]], [[[-79.73, -2.619], [-79.727, -2.611], [-79.727, -2.602], [-79.728, -2.591], [-79.727, -2.584], [-79.726, -2.578], [-79.725, -2.567], [-79.726, -2.558], [-79.728, -2.548], [-79.731, -2.537], [-79.735, -2.532], [-79.741, -2.532], [-79.749, -2.533], [-79.764, -2.538], [-79.776, -2.542], [-79.784, -2.549], [-79.787, -2.558], [-79.788, -2.569], [-79.792, -2.576], [-79.792, -2.586], [-79.79, -2.595], [-79.797, -2.604], [-79.803, -2.613], [-79.804, -2.621], [-79.801, -2.63], [-79.797, -2.633], [-79.79, -2.632], [-79.779, -2.626], [-79.774, -2.623], [-79.766, -2.625], [-79.759, -2.631], [-79.749, -2.632], [-79.736, -2.625], [-79.73, -2.619]]], [[[-79.939, -2.578], [-79.945, -2.563], [-79.951, -2.552], [-79.964, -2.544], [-79.976, -2.54], [-79.982, -2.532], [-79.983, -2.524], [-79.981, -2.512], [-79.982, -2.503], [-79.99, -2.5], [-79.999, -2.501], [-80.005, -2.507], [-80.009, -2.516], [-80.014, -2.525], [-80.017, -2.534], [-80.021, -2.542], [-80.03, -2.553], [-80.035, -2.559], [-80.049, -2.568], [-80.063, -2.58], [-80.061, -2.588], [-80.057, -2.592], [-80.039, -2.594], [-80.025, -2.594], [-80.011, -2.59], [-80.005, -2.584], [-79.999, -2.579], [-79.993, -2.578], [-79.986, -2.586], [-79.98, -2.594], [-79.972, -2.596], [-79.959, -2.599], [-79.948, -2.599], [-79.939, -2.591], [-79.939, -2.578]]], [[[-79.845, -2.666], [-79.841, -2.658], [-79.839, -2.65], [-79.837, -2.637], [-79.835, -2.617], [-79.834, -2.614], [-79.83, -2.601], [-79.828, -2.593], [-79.825, -2.584], [-79.825, -2.572], [-79.821, -2.553], [-79.822, -2.542], [-79.825, -2.519], [-79.83, -2.51], [-79.831, -2.501], [-79.831, -2.493], [-79.833, -2.486], [-79.841, -2.477], [-79.847, -2.484], [-79.851, -2.488], [-79.854, -2.494], [-79.856, -2.499], [-79.856, -2.504], [-79.857, -2.512], [-79.858, -2.521], [-79.861, -2.532], [-79.864, -2.541], [-79.866, -2.556], [-79.867, -2.563], [-79.869, -2.572], [-79.873, -2.579], [-79.877, -2.588], [-79.877, -2.596], [-79.876, -2.602], [-79.874, -2.607], [-79.874, -2.61], [-79.878, -2.619], [-79.883, -2.63], [-79.888, -2.642], [-79.889, -2.65], [-79.883, -2.654], [-79.875, -2.656], [-79.867, -2.657], [-79.863, -2.658], [-79.859, -2.663], [-79.854, -2.667], [-79.848, -2.668], [-79.845, -2.666]]], [[[-79.792, -2.526], [-79.792, -2.513], [-79.798, -2.5], [-79.804, -2.489], [-79.805, -2.482], [-79.808, -2.471], [-79.81, -2.454], [-79.812, -2.442], [-79.819, -2.428], [-79.824, -2.418], [-79.833, -2.421], [-79.837, -2.427], [-79.841, -2.435], [-79.842, -2.443], [-79.841, -2.453], [-79.836, -2.462], [-79.83, -2.47], [-79.825, -2.481], [-79.82, -2.491], [-79.815, -2.503], [-79.808, -2.518], [-79.805, -2.529], [-79.798, -2.535], [-79.792, -2.526]]], [[[-79.86, -2.428], [-79.859, -2.371], [-79.852, -2.36], [-79.849, -2.341], [-79.849, -2.324], [-79.849, -2.308], [-79.85, -2.297], [-79.85, -2.292], [-79.852, -2.287], [-79.855, -2.282], [-79.858, -2.279], [-79.862, -2.276], [-79.866, -2.276], [-79.872, -2.281], [-79.877, -2.287], [-79.885, -2.289], [-79.89, -2.29], [-79.895, -2.292], [-79.901, -2.296], [-79.905, -2.304], [-79.908, -2.31], [-79.914, -2.319], [-79.921, -2.324], [-79.938, -2.327], [-79.955, -2.341], [-79.961, -2.351], [-79.97, -2.365], [-79.982, -2.37], [-79.999, -2.377], [-80.005, -2.39], [-79.999, -2.403], [-80.002, -2.415], [-80.007, -2.421], [-80.019, -2.431], [-80.025, -2.438], [-80.027, -2.448], [-80.028, -2.459], [-80.032, -2.469], [-80.036, -2.481], [-80.035, -2.493], [-80.029, -2.503], [-80.02, -2.502], [-80.005, -2.487], [-79.997, -2.473], [-79.99, -2.468], [-79.982, -2.471], [-79.975, -2.479], [-79.962, -2.491], [-79.958, -2.495], [-79.952, -2.501], [-79.944, -2.499], [-79.94, -2.486], [-79.936, -2.474], [-79.93, -2.466], [-79.922, -2.461], [-79.912, -2.462], [-79.909, -2.464], [-79.902, -2.458], [-79.895, -2.446], [-79.889, -2.44], [-79.879, -2.44], [-79.877, -2.457], [-79.879, -2.474], [-79.885, -2.488], [-79.89, -2.495], [-79.898, -2.495], [-79.91, -2.496], [-79.923, -2.499], [-79.93, -2.502], [-79.943, -2.507], [-79.954, -2.513], [-79.963, -2.516], [-79.971, -2.519], [-79.977, -2.524], [-79.977, -2.529], [-79.971, -2.537], [-79.96, -2.541], [-79.951, -2.546], [-79.945, -2.551], [-79.942, -2.557], [-79.937, -2.569], [-79.935, -2.577], [-79.934, -2.586], [-79.934, -2.594], [-79.931, -2.598], [-79.922, -2.594], [-79.913, -2.586], [-79.905, -2.578], [-79.899, -2.569], [-79.893, -2.559], [-79.886, -2.545], [-79.881, -2.531], [-79.881, -2.519], [-79.877, -2.501], [-79.875, -2.491], [-79.871, -2.477], [-79.869, -2.457], [-79.867, -2.449], [-79.861, -2.441], [-79.86, -2.428]]], [[[-79.941, -2.307], [-79.932, -2.296], [-79.926, -2.286], [-79.925, -2.276], [-79.923, -2.266], [-79.923, -2.252], [-79.929, -2.245], [-79.936, -2.24], [-79.941, -2.24], [-79.951, -2.238], [-79.959, -2.243], [-79.964, -2.25], [-79.971, -2.26], [-79.973, -2.268], [-79.974, -2.276], [-79.971, -2.282], [-79.967, -2.291], [-79.96, -2.297], [-79.959, -2.306], [-79.952, -2.31], [-79.941, -2.307]]], [[[-79.835, -2.245], [-79.834, -2.236], [-79.835, -2.221], [-79.838, -2.212], [-79.842, -2.206], [-79.846, -2.199], [-79.853, -2.193], [-79.861, -2.197], [-79.867, -2.202], [-79.872, -2.209], [-79.876, -2.218], [-79.875, -2.226], [-79.868, -2.235], [-79.862, -2.241], [-79.851, -2.249], [-79.842, -2.251], [-79.835, -2.245]]], [[[-79.76, -3.071], [-79.756, -3.067], [-79.753, -3.061], [-79.749, -3.057], [-79.745, -3.05], [-79.746, -3.046], [-79.749, -3.037], [-79.748, -3.025], [-79.745, -3.02], [-79.737, -3.018], [-79.726, -3.017], [-79.717, -3.016], [-79.712, -3.011], [-79.716, -3.004], [-79.719, -2.996], [-79.719, -2.988], [-79.714, -2.984], [-79.704, -2.982], [-79.698, -2.979], [-79.688, -2.978], [-79.683, -2.979], [-79.676, -2.981], [-79.671, -2.979], [-79.668, -2.975], [-79.661, -2.975], [-79.657, -2.979], [-79.653, -2.984], [-79.649, -2.989], [-79.645, -2.991], [-79.639, -2.994], [-79.634, -2.995], [-79.628, -2.994], [-79.619, -2.992], [-79.61, -2.988], [-79.603, -2.979], [-79.604, -2.972], [-79.606, -2.961], [-79.608, -2.956], [-79.604, -2.951], [-79.597, -2.948], [-79.595, -2.941], [-79.595, -2.932], [-79.604, -2.929], [-79.605, -2.921], [-79.601, -2.915], [-79.593, -2.906], [-79.586, -2.899], [-79.579, -2.893], [-79.567, -2.889], [-79.556, -2.884], [-79.54, -2.877], [-79.531, -2.869], [-79.518, -2.868], [-79.508, -2.863], [-79.505, -2.855], [-79.504, -2.839], [-79.509, -2.825], [-79.523, -2.82], [-79.529, -2.815], [-79.53, -2.791], [-79.535, -2.771], [-79.54, -2.755], [-79.539, -2.737], [-79.534, -2.727], [-79.527, -2.726], [-79.519, -2.72], [-79.519, -2.711], [-79.524, -2.706], [-79.532, -2.7], [-79.535, -2.69], [-79.534, -2.688], [-79.523, -2.685], [-79.516, -2.679], [-79.51, -2.669], [-79.503, -2.657], [-79.501, -2.652], [-79.501, -2.643], [-79.5, -2.635], [-79.496, -2.629], [-79.489, -2.629], [-79.483, -2.632], [-79.478, -2.638], [-79.476, -2.647], [-79.473, -2.655], [-79.47, -2.661], [-79.464, -2.674], [-79.459, -2.682], [-79.454, -2.688], [-79.443, -2.689], [-79.435, -2.68], [-79.434, -2.671], [-79.438, -2.664], [-79.441, -2.656], [-79.443, -2.644], [-79.443, -2.634], [-79.439, -2.625], [-79.438, -2.617], [-79.435, -2.607], [-79.431, -2.604], [-79.419, -2.611], [-79.413, -2.617], [-79.396, -2.628], [-79.385, -2.632], [-79.377, -2.628], [-79.376, -2.619], [-79.375, -2.608], [-79.374, -2.594], [-79.369, -2.588], [-79.365, -2.578], [-79.362, -2.57], [-79.357, -2.567], [-79.363, -2.565], [-79.367, -2.56], [-79.371, -2.552], [-79.377, -2.543], [-79.38, -2.532], [-79.382, -2.513], [-79.389, -2.505], [-79.399, -2.499], [-79.43, -2.497], [-79.453, -2.5], [-79.463, -2.505], [-79.47, -2.511], [-79.479, -2.519], [-79.486, -2.528], [-79.5, -2.531], [-79.511, -2.523], [-79.52, -2.518], [-79.523, -2.507], [-79.522, -2.496], [-79.51, -2.485], [-79.497, -2.478], [-79.484, -2.466], [-79.467, -2.452], [-79.46, -2.443], [-79.45, -2.434], [-79.439, -2.428], [-79.427, -2.421], [-79.421, -2.412], [-79.42, -2.404], [-79.423, -2.396], [-79.426, -2.392], [-79.43, -2.385], [-79.434, -2.382], [-79.433, -2.373], [-79.425, -2.363], [-79.422, -2.356], [-79.42, -2.346], [-79.416, -2.342], [-79.408, -2.342], [-79.402, -2.346], [-79.397, -2.353], [-79.389, -2.359], [-79.377, -2.362], [-79.363, -2.365], [-79.355, -2.367], [-79.345, -2.373], [-79.338, -2.38], [-79.33, -2.387], [-79.324, -2.393], [-79.316, -2.396], [-79.297, -2.399], [-79.281, -2.402], [-79.272, -2.404], [-79.264, -2.4], [-79.256, -2.392], [-79.244, -2.381], [-79.239, -2.374], [-79.232, -2.361], [-79.228, -2.352], [-79.223, -2.347], [-79.209, -2.344], [-79.201, -2.337], [-79.199, -2.33], [-79.202, -2.324], [-79.201, -2.319], [-79.197, -2.312], [-79.191, -2.306], [-79.178, -2.3], [-79.171, -2.292], [-79.169, -2.283], [-79.164, -2.273], [-79.157, -2.264], [-79.152, -2.256], [-79.149, -2.249], [-79.143, -2.24], [-79.14, -2.236], [-79.137, -2.236], [-79.136, -2.224], [-79.14, -2.216], [-79.146, -2.214], [-79.159, -2.215], [-79.171, -2.216], [-79.182, -2.215], [-79.189, -2.213], [-79.199, -2.21], [-79.211, -2.211], [-79.221, -2.215], [-79.229, -2.219], [-79.242, -2.22], [-79.249, -2.218], [-79.25, -2.212], [-79.251, -2.205], [-79.25, -2.2], [-79.246, -2.196], [-79.233, -2.196], [-79.223, -2.197], [-79.206, -2.197], [-79.196, -2.194], [-79.184, -2.195], [-79.176, -2.2], [-79.165, -2.202], [-79.146, -2.202], [-79.134, -2.202], [-79.127, -2.195], [-79.126, -2.193], [-79.125, -2.19], [-79.124, -2.18], [-79.128, -2.176], [-79.128, -2.168], [-79.124, -2.16], [-79.119, -2.151], [-79.119, -2.144], [-79.119, -2.138], [-79.118, -2.131], [-79.118, -2.126], [-79.125, -2.122], [-79.133, -2.122], [-79.139, -2.122], [-79.148, -2.122], [-79.155, -2.122], [-79.163, -2.127], [-79.169, -2.134], [-79.174, -2.141], [-79.181, -2.143], [-79.187, -2.14], [-79.192, -2.133], [-79.195, -2.132], [-79.203, -2.128], [-79.211, -2.126], [-79.218, -2.122], [-79.226, -2.115], [-79.23, -2.112], [-79.24, -2.103], [-79.252, -2.097], [-79.259, -2.098], [-79.267, -2.104], [-79.274, -2.11], [-79.279, -2.11], [-79.287, -2.106], [-79.293, -2.102], [-79.301, -2.09], [-79.308, -2.083], [-79.312, -2.076], [-79.317, -2.058], [-79.321, -2.05], [-79.33, -2.043], [-79.335, -2.032], [-79.341, -2.021], [-79.346, -2.011], [-79.352, -1.999], [-79.36, -1.989], [-79.365, -1.978], [-79.374, -1.969], [-79.386, -1.965], [-79.4, -1.959], [-79.406, -1.95], [-79.413, -1.94], [-79.424, -1.936], [-79.439, -1.933], [-79.448, -1.931], [-79.454, -1.919], [-79.458, -1.915], [-79.469, -1.908], [-79.477, -1.904], [-79.485, -1.894], [-79.492, -1.886], [-79.509, -1.88], [-79.524, -1.878], [-79.545, -1.881], [-79.555, -1.886], [-79.564, -1.892], [-79.573, -1.898], [-79.583, -1.902], [-79.6, -1.903], [-79.613, -1.906], [-79.618, -1.912], [-79.627, -1.922], [-79.634, -1.925], [-79.644, -1.924], [-79.647, -1.924], [-79.654, -1.92], [-79.661, -1.915], [-79.666, -1.907], [-79.669, -1.899], [-79.673, -1.892], [-79.677, -1.887], [-79.681, -1.882], [-79.688, -1.874], [-79.697, -1.868], [-79.703, -1.866], [-79.709, -1.857], [-79.713, -1.848], [-79.717, -1.834], [-79.722, -1.828], [-79.732, -1.815], [-79.735, -1.804], [-79.746, -1.789], [-79.749, -1.752], [-79.75, -1.742], [-79.758, -1.738], [-79.77, -1.734], [-79.78, -1.728], [-79.791, -1.722], [-79.802, -1.715], [-79.813, -1.71], [-79.824, -1.705], [-79.833, -1.691], [-79.829, -1.68], [-79.825, -1.672], [-79.827, -1.665], [-79.834, -1.658], [-79.841, -1.651], [-79.85, -1.645], [-79.855, -1.64], [-79.858, -1.633], [-79.858, -1.623], [-79.864, -1.606], [-79.867, -1.6], [-79.866, -1.594], [-79.862, -1.587], [-79.859, -1.581], [-79.857, -1.572], [-79.862, -1.566], [-79.869, -1.557], [-79.873, -1.544], [-79.872, -1.538], [-79.87, -1.531], [-79.872, -1.526], [-79.876, -1.517], [-79.876, -1.506], [-79.872, -1.498], [-79.87, -1.49], [-79.869, -1.438], [-79.863, -1.423], [-79.856, -1.413], [-79.852, -1.398], [-79.842, -1.38], [-79.827, -1.369], [-79.813, -1.35], [-79.8, -1.328], [-79.782, -1.294], [-79.766, -1.267], [-79.76, -1.253], [-79.754, -1.233], [-79.745, -1.212], [-79.744, -1.201], [-79.74, -1.193], [-79.732, -1.186], [-79.719, -1.182], [-79.718, -1.176], [-79.72, -1.17], [-79.717, -1.16], [-79.709, -1.156], [-79.697, -1.152], [-79.688, -1.144], [-79.684, -1.137], [-79.68, -1.126], [-79.674, -1.121], [-79.659, -1.117], [-79.648, -1.113], [-79.643, -1.106], [-79.636, -1.091], [-79.625, -1.079], [-79.614, -1.071], [-79.594, -1.069], [-79.559, -1.067], [-79.544, -1.061], [-79.535, -1.052], [-79.532, -1.041], [-79.535, -1.033], [-79.537, -1.022], [-79.533, -1.014], [-79.529, -1.005], [-79.526, -0.988], [-79.521, -0.976], [-79.514, -0.971], [-79.509, -0.957], [-79.51, -0.941], [-79.514, -0.933], [-79.52, -0.925], [-79.526, -0.918], [-79.526, -0.909], [-79.525, -0.901], [-79.52, -0.891], [-79.517, -0.882], [-79.512, -0.872], [-79.51, -0.864], [-79.51, -0.854], [-79.514, -0.849], [-79.522, -0.85], [-79.528, -0.85], [-79.531, -0.845], [-79.533, -0.837], [-79.542, -0.834], [-79.555, -0.835], [-79.564, -0.842], [-79.57, -0.844], [-79.585, -0.847], [-79.594, -0.852], [-79.603, -0.856], [-79.61, -0.856], [-79.616, -0.865], [-79.625, -0.872], [-79.633, -0.88], [-79.645, -0.888], [-79.65, -0.896], [-79.655, -0.903], [-79.666, -0.9], [-79.679, -0.899], [-79.686, -0.903], [-79.699, -0.902], [-79.707, -0.896], [-79.713, -0.889], [-79.723, -0.888], [-79.73, -0.889], [-79.737, -0.895], [-79.746, -0.911], [-79.751, -0.923], [-79.759, -0.936], [-79.768, -0.946], [-79.774, -0.956], [-79.778, -0.971], [-79.782, -0.979], [-79.792, -0.984], [-79.799, -0.989], [-79.803, -1.005], [-79.805, -1.024], [-79.807, -1.033], [-79.815, -1.043], [-79.825, -1.051], [-79.834, -1.054], [-79.839, -1.063], [-79.843, -1.08], [-79.849, -1.09], [-79.865, -1.102], [-79.876, -1.108], [-79.884, -1.114], [-79.895, -1.124], [-79.918, -1.143], [-79.926, -1.149], [-79.938, -1.155], [-79.947, -1.153], [-79.956, -1.146], [-79.963, -1.143], [-79.975, -1.14], [-79.987, -1.137], [-79.996, -1.138], [-80.002, -1.141], [-80.004, -1.147], [-80.005, -1.153], [-80.002, -1.159], [-79.999, -1.165], [-79.994, -1.171], [-79.99, -1.177], [-79.992, -1.187], [-80.0, -1.193], [-80.001, -1.204], [-80.001, -1.216], [-80.006, -1.236], [-80.015, -1.249], [-80.023, -1.253], [-80.031, -1.263], [-80.034, -1.271], [-80.035, -1.279], [-80.046, -1.284], [-80.052, -1.289], [-80.064, -1.298], [-80.074, -1.304], [-80.081, -1.316], [-80.087, -1.324], [-80.095, -1.328], [-80.103, -1.324], [-80.109, -1.32], [-80.115, -1.317], [-80.126, -1.316], [-80.138, -1.319], [-80.142, -1.324], [-80.147, -1.333], [-80.151, -1.346], [-80.151, -1.356], [-80.155, -1.367], [-80.151, -1.377], [-80.149, -1.384], [-80.153, -1.397], [-80.157, -1.405], [-80.167, -1.411], [-80.175, -1.417], [-80.183, -1.424], [-80.194, -1.43], [-80.195, -1.44], [-80.196, -1.448], [-80.198, -1.455], [-80.198, -1.466], [-80.201, -1.474], [-80.207, -1.478], [-80.21, -1.485], [-80.207, -1.492], [-80.207, -1.501], [-80.209, -1.509], [-80.208, -1.523], [-80.206, -1.526], [-80.198, -1.529], [-80.192, -1.53], [-80.187, -1.536], [-80.185, -1.545], [-80.187, -1.555], [-80.192, -1.563], [-80.198, -1.571], [-80.205, -1.576], [-80.214, -1.578], [-80.222, -1.578], [-80.23, -1.574], [-80.238, -1.57], [-80.251, -1.568], [-80.262, -1.571], [-80.272, -1.57], [-80.278, -1.568], [-80.284, -1.566], [-80.287, -1.569], [-80.288, -1.575], [-80.284, -1.584], [-80.277, -1.592], [-80.274, -1.601], [-80.268, -1.609], [-80.263, -1.612], [-80.259, -1.62], [-80.251, -1.62], [-80.244, -1.617], [-80.237, -1.614], [-80.231, -1.615], [-80.229, -1.62], [-80.229, -1.627], [-80.23, -1.642], [-80.228, -1.65], [-80.223, -1.659], [-80.215, -1.671], [-80.209, -1.677], [-80.208, -1.683], [-80.209, -1.689], [-80.215, -1.694], [-80.221, -1.697], [-80.226, -1.697], [-80.23, -1.691], [-80.239, -1.688], [-80.264, -1.687], [-80.285, -1.689], [-80.288, -1.696], [-80.292, -1.702], [-80.298, -1.709], [-80.305, -1.707], [-80.312, -1.7], [-80.317, -1.696], [-80.322, -1.695], [-80.326, -1.697], [-80.33, -1.704], [-80.336, -1.714], [-80.344, -1.723], [-80.354, -1.734], [-80.368, -1.74], [-80.382, -1.748], [-80.391, -1.764], [-80.403, -1.777], [-80.422, -1.79], [-80.429, -1.801], [-80.425, -1.811], [-80.421, -1.819], [-80.416, -1.826], [-80.416, -1.836], [-80.427, -1.838], [-80.437, -1.842], [-80.44, -1.86], [-80.439, -1.873], [-80.438, -1.884], [-80.434, -1.889], [-80.431, -1.892], [-80.43, -1.897], [-80.432, -1.902], [-80.436, -1.905], [-80.438, -1.912], [-80.437, -1.92], [-80.436, -1.926], [-80.436, -1.935], [-80.438, -1.944], [-80.445, -1.954], [-80.444, -1.955], [-80.438, -1.963], [-80.424, -1.974], [-80.416, -1.979], [-80.393, -1.982], [-80.379, -1.986], [-80.365, -1.991], [-80.353, -2.003], [-80.347, -2.017], [-80.34, -2.029], [-80.334, -2.039], [-80.325, -2.047], [-80.32, -2.053], [-80.32, -2.058], [-80.317, -2.068], [-80.308, -2.077], [-80.301, -2.084], [-80.294, -2.09], [-80.286, -2.091], [-80.283, -2.088], [-80.28, -2.083], [-80.271, -2.083], [-80.265, -2.088], [-80.262, -2.096], [-80.257, -2.1], [-80.249, -2.102], [-80.242, -2.112], [-80.24, -2.123], [-80.241, -2.13], [-80.245, -2.14], [-80.248, -2.147], [-80.247, -2.154], [-80.244, -2.16], [-80.241, -2.166], [-80.237, -2.177], [-80.236, -2.184], [-80.238, -2.191], [-80.24, -2.2], [-80.238, -2.213], [-80.234, -2.219], [-80.23, -2.223], [-80.227, -2.229], [-80.228, -2.24], [-80.236, -2.247], [-80.248, -2.25], [-80.258, -2.254], [-80.259, -2.265], [-80.256, -2.272], [-80.249, -2.279], [-80.244, -2.283], [-80.238, -2.289], [-80.234, -2.295], [-80.232, -2.303], [-80.239, -2.314], [-80.245, -2.319], [-80.253, -2.325], [-80.258, -2.333], [-80.265, -2.341], [-80.273, -2.349], [-80.277, -2.355], [-80.285, -2.362], [-80.296, -2.362], [-80.305, -2.356], [-80.309, -2.352], [-80.324, -2.35], [-80.339, -2.35], [-80.354, -2.355], [-80.36, -2.363], [-80.366, -2.372], [-80.372, -2.381], [-80.381, -2.385], [-80.393, -2.384], [-80.404, -2.384], [-80.414, -2.384], [-80.425, -2.387], [-80.435, -2.394], [-80.443, -2.401], [-80.45, -2.406], [-80.457, -2.412], [-80.46, -2.421], [-80.459, -2.429], [-80.458, -2.434], [-80.455, -2.438], [-80.45, -2.445], [-80.45, -2.452], [-80.451, -2.46], [-80.455, -2.469], [-80.46, -2.476], [-80.463, -2.483], [-80.467, -2.489], [-80.472, -2.493], [-80.477, -2.498], [-80.487, -2.503], [-80.496, -2.503], [-80.504, -2.499], [-80.512, -2.495], [-80.518, -2.493], [-80.524, -2.491], [-80.533, -2.488], [-80.54, -2.49], [-80.547, -2.494], [-80.552, -2.498], [-80.556, -2.505], [-80.561, -2.508], [-80.549, -2.519], [-80.533, -2.535], [-80.523, -2.546], [-80.512, -2.555], [-80.499, -2.568], [-80.487, -2.582], [-80.477, -2.592], [-80.47, -2.605], [-80.463, -2.615], [-80.446, -2.632], [-80.433, -2.643], [-80.418, -2.65], [-80.405, -2.647], [-80.397, -2.641], [-80.393, -2.641], [-80.39, -2.644], [-80.387, -2.649], [-80.376, -2.664], [-80.363, -2.675], [-80.348, -2.685], [-80.331, -2.696], [-80.315, -2.706], [-80.3, -2.719], [-80.287, -2.733], [-80.262, -2.739], [-80.249, -2.737], [-80.242, -2.725], [-80.242, -2.709], [-80.247, -2.692], [-80.251, -2.676], [-80.253, -2.66], [-80.253, -2.645], [-80.262, -2.651], [-80.274, -2.657], [-80.279, -2.652], [-80.267, -2.643], [-80.259, -2.632], [-80.263, -2.625], [-80.274, -2.617], [-80.284, -2.609], [-80.292, -2.602], [-80.286, -2.594], [-80.278, -2.595], [-80.273, -2.602], [-80.267, -2.612], [-80.263, -2.617], [-80.257, -2.622], [-80.252, -2.624], [-80.247, -2.631], [-80.24, -2.64], [-80.231, -2.638], [-80.224, -2.63], [-80.219, -2.623], [-80.208, -2.609], [-80.2, -2.599], [-80.191, -2.595], [-80.177, -2.593], [-80.17, -2.59], [-80.164, -2.582], [-80.145, -2.572], [-80.129, -2.56], [-80.115, -2.543], [-80.102, -2.522], [-80.093, -2.506], [-80.085, -2.489], [-80.075, -2.475], [-80.066, -2.461], [-80.06, -2.442], [-80.054, -2.424], [-80.049, -2.409], [-80.043, -2.399], [-80.036, -2.386], [-80.031, -2.368], [-80.025, -2.339], [-80.006, -2.332], [-79.988, -2.329], [-79.988, -2.317], [-79.99, -2.301], [-79.988, -2.289], [-79.984, -2.277], [-79.975, -2.258], [-79.97, -2.238], [-79.956, -2.227], [-79.951, -2.23], [-79.938, -2.233], [-79.924, -2.237], [-79.915, -2.248], [-79.914, -2.257], [-79.917, -2.273], [-79.916, -2.285], [-79.894, -2.284], [-79.88, -2.281], [-79.879, -2.265], [-79.885, -2.248], [-79.89, -2.226], [-79.885, -2.203], [-79.878, -2.183], [-79.877, -2.17], [-79.872, -2.162], [-79.866, -2.157], [-79.862, -2.147], [-79.86, -2.136], [-79.861, -2.124], [-79.863, -2.114], [-79.866, -2.101], [-79.866, -2.09], [-79.858, -2.082], [-79.847, -2.075], [-79.831, -2.078], [-79.818, -2.077], [-79.811, -2.073], [-79.801, -2.063], [-79.795, -2.071], [-79.791, -2.082], [-79.797, -2.089], [-79.801, -2.094], [-79.81, -2.095], [-79.825, -2.095], [-79.838, -2.095], [-79.843, -2.101], [-79.847, -2.112], [-79.845, -2.121], [-79.841, -2.131], [-79.841, -2.138], [-79.841, -2.148], [-79.846, -2.16], [-79.851, -2.168], [-79.848, -2.183], [-79.842, -2.191], [-79.835, -2.202], [-79.829, -2.223], [-79.825, -2.243], [-79.823, -2.269], [-79.824, -2.281], [-79.829, -2.302], [-79.826, -2.316], [-79.82, -2.334], [-79.82, -2.349], [-79.823, -2.361], [-79.828, -2.375], [-79.829, -2.387], [-79.826, -2.394], [-79.822, -2.403], [-79.814, -2.417], [-79.808, -2.426], [-79.804, -2.44], [-79.8, -2.448], [-79.799, -2.459], [-79.795, -2.477], [-79.786, -2.491], [-79.774, -2.507], [-79.766, -2.515], [-79.752, -2.513], [-79.734, -2.502], [-79.716, -2.497], [-79.704, -2.502], [-79.694, -2.519], [-79.693, -2.544], [-79.694, -2.558], [-79.702, -2.563], [-79.712, -2.568], [-79.719, -2.582], [-79.718, -2.604], [-79.718, -2.616], [-79.723, -2.634], [-79.733, -2.645], [-79.753, -2.664], [-79.765, -2.666], [-79.773, -2.672], [-79.779, -2.683], [-79.778, -2.693], [-79.777, -2.703], [-79.778, -2.711], [-79.779, -2.723], [-79.784, -2.73], [-79.787, -2.741], [-79.79, -2.753], [-79.79, -2.761], [-79.795, -2.769], [-79.799, -2.776], [-79.801, -2.784], [-79.804, -2.794], [-79.809, -2.804], [-79.81, -2.816], [-79.81, -2.828], [-79.81, -2.839], [-79.812, -2.849], [-79.817, -2.861], [-79.823, -2.869], [-79.833, -2.882], [-79.843, -2.893], [-79.847, -2.905], [-79.852, -2.922], [-79.851, -2.943], [-79.854, -2.966], [-79.852, -2.982], [-79.847, -2.992], [-79.846, -2.999], [-79.847, -3.011], [-79.848, -3.017], [-79.852, -3.027], [-79.857, -3.039], [-79.86, -3.046], [-79.86, -3.048], [-79.854, -3.05], [-79.847, -3.053], [-79.843, -3.058], [-79.832, -3.061], [-79.824, -3.059], [-79.816, -3.055], [-79.811, -3.055], [-79.805, -3.058], [-79.799, -3.062], [-79.788, -3.063], [-79.78, -3.065], [-79.774, -3.068], [-79.764, -3.069], [-79.76, -3.071]]]]}}, {"type": "Feature", "properties": {"shapeName": "Los Ríos"}, "geometry": {"type": "Polygon", "coordinates": [[[-79.469, -0.548], [-79.473, -0.549], [-79.486, -0.55], [-79.494, -0.555], [-79.497, -0.566], [-79.497, -0.574], [-79.493, -0.581], [-79.488, -0.592], [-79.49, -0.602], [-79.497, -0.61], [-79.503, -0.614], [-79.505, -0.619], [-79.509, -0.626], [-79.513, -0.634], [-79.519, -0.644], [-79.525, -0.652], [-79.533, -0.657], [-79.539, -0.661], [-79.543, -0.666], [-79.544, -0.673], [-79.543, -0.683], [-79.54, -0.693], [-79.537, -0.698], [-79.535, -0.704], [-79.535, -0.711], [-79.539, -0.716], [-79.544, -0.719], [-79.551, -0.721], [-79.555, -0.721], [-79.562, -0.718], [-79.568, -0.716], [-79.573, -0.714], [-79.577, -0.713], [-79.58, -0.715], [-79.582, -0.718], [-79.583, -0.72], [-79.586, -0.726], [-79.588, -0.733], [-79.592, -0.743], [-79.599, -0.748], [-79.601, -0.761], [-79.599, -0.767], [-79.598, -0.776], [-79.598, -0.783], [-79.6, -0.794], [-79.605, -0.803], [-79.604, -0.81], [-79.6, -0.816], [-79.6, -0.824], [-79.605, -0.837], [-79.609, -0.847], [-79.61, -0.856], [-79.61, -0.856], [-79.603, -0.856], [-79.594, -0.852], [-79.585, -0.847], [-79.57, -0.844], [-79.564, -0.842], [-79.555, -0.835], [-79.542, -0.834], [-79.533, -0.837], [-79.531, -0.845], [-79.528, -0.85], [-79.522, -0.85], [-79.514, -0.849], [-79.51, -0.854], [-79.51, -0.864], [-79.512, -0.872], [-79.517, -0.882], [-79.52, -0.891], [-79.525, -0.901], [-79.526, -0.909], [-79.526, -0.918], [-79.52, -0.925], [-79.514, -0.933], [-79.51, -0.941], [-79.509, -0.957], [-79.514, -0.971], [-79.521, -0.976], [-79.526, -0.988], [-79.529, -1.005], [-79.533, -1.014], [-79.537, -1.022], [-79.535, -1.033], [-79.532, -1.041], [-79.535, -1.052], [-79.544, -1.061], [-79.559, -1.067], [-79.594, -1.069], [-79.614, -1.071], [-79.625, -1.079], [-79.636, -1.091], [-79.643, -1.106], [-79.648, -1.113], [-79.659, -1.117], [-79.674, -1.121], [-79.68, -1.126], [-79.684, -1.137], [-79.688, -1.144], [-79.697, -1.152], [-79.709, -1.156], [-79.717, -1.16], [-79.72, -1.17], [-79.718, -1.176], [-79.719, -1.182], [-79.732, -1.186], [-79.74, -1.193], [-79.744, -1.201], [-79.745, -1.212], [-79.754, -1.233], [-79.76, -1.253], [-79.766, -1.267], [-79.782, -1.294], [-79.8, -1.328], [-79.813, -1.35], [-79.827, -1.369], [-79.842, -1.38], [-79.852, -1.398], [-79.856, -1.413], [-79.863, -1.423], [-79.869, -1.438], [-79.87, -1.49], [-79.872, -1.498], [-79.876, -1.506], [-79.876, -1.517], [-79.872, -1.526], [-79.87, -1.531], [-79.872, -1.538], [-79.873, -1.544], [-79.869, -1.557], [-79.862, -1.566], [-79.857, -1.572], [-79.859, -1.581], [-79.862, -1.587], [-79.866, -1.594], [-79.867, -1.6], [-79.864, -1.606], [-79.858, -1.623], [-79.858, -1.633], [-79.855, -1.64], [-79.85, -1.645], [-79.841, -1.651], [-79.834, -1.658], [-79.827, -1.665], [-79.825, -1.672], [-79.829, -1.68], [-79.833, -1.691], [-79.824, -1.705], [-79.813, -1.71], [-79.802, -1.715], [-79.791, -1.722], [-79.78, -1.728], [-79.77, -1.734], [-79.758, -1.738], [-79.75, -1.742], [-79.749, -1.752], [-79.746, -1.789], [-79.735, -1.804], [-79.732, -1.815], [-79.722, -1.828], [-79.717, -1.834], [-79.713, -1.848], [-79.709, -1.857], [-79.703, -1.866], [-79.697, -1.868], [-79.688, -1.874], [-79.681, -1.882], [-79.677, -1.887], [-79.673, -1.892], [-79.669, -1.899], [-79.666, -1.907], [-79.661, -1.915], [-79.654, -1.92], [-79.647, -1.924], [-79.644, -1.924], [-79.634, -1.925], [-79.627, -1.922], [-79.618, -1.912], [-79.613, -1.906], [-79.6, -1.903], [-79.583, -1.902], [-79.573, -1.898], [-79.564, -1.892], [-79.555, -1.886], [-79.545, -1.881], [-79.524, -1.878], [-79.509, -1.88], [-79.492, -1.886], [-79.485, -1.894], [-79.477, -1.904], [-79.469, -1.908], [-79.458, -1.915], [-79.454, -1.919], [-79.448, -1.931], [-79.439, -1.933], [-79.424, -1.936], [-79.413, -1.94], [-79.406, -1.95], [-79.4, -1.959], [-79.386, -1.965], [-79.374, -1.969], [-79.365, -1.978], [-79.36, -1.989], [-79.352, -1.999], [-79.346, -2.011], [-79.341, -2.021], [-79.335, -2.032], [-79.33, -2.043], [-79.321, -2.05], [-79.317, -2.058], [-79.312, -2.076], [-79.308, -2.083], [-79.301, -2.09], [-79.293, -2.102], [-79.287, -2.106], [-79.279, -2.11], [-79.274, -2.11], [-79.267, -2.104], [-79.259, -2.098], [-79.252, -2.097], [-79.24, -2.103], [-79.23, -2.112], [-79.226, -2.115], [-79.218, -2.122], [-79.211, -2.126], [-79.203, -2.128], [-79.195, -2.132], [-79.195, -2.117], [-79.2, -2.109], [-79.204, -2.105], [-79.211, -2.103], [-79.216, -2.1], [-79.218, -2.093], [-79.216, -2.087], [-79.216, -2.081], [-79.216, -2.073], [-79.218, -2.066], [-79.22, -2.056], [-79.224, -2.045], [-79.229, -2.039], [-79.232, -2.033], [-79.232, -2.026], [-79.233, -2.018], [-79.237, -2.011], [-79.242, -2.005], [-79.246, -1.997], [-79.248, -1.988], [-79.253, -1.975], [-79.26, -1.969], [-79.263, -1.963], [-79.261, -1.947], [-79.258, -1.94], [-79.25, -1.933], [-79.247, -1.907], [-79.24, -1.9], [-79.239, -1.859], [-79.236, -1.853], [-79.23, -1.849], [-79.228, -1.843], [-79.233, -1.837], [-79.238, -1.834], [-79.241, -1.83], [-79.245, -1.824], [-79.245, -1.821], [-79.242, -1.814], [-79.239, -1.805], [-79.237, -1.797], [-79.24, -1.788], [-79.243, -1.778], [-79.242, -1.773], [-79.24, -1.77], [-79.234, -1.765], [-79.229, -1.762], [-79.222, -1.758], [-79.217, -1.755], [-79.21, -1.752], [-79.203, -1.749], [-79.198, -1.742], [-79.201, -1.737], [-79.208, -1.735], [-79.216, -1.739], [-79.221, -1.74], [-79.227, -1.739], [-79.23, -1.736], [-79.234, -1.733], [-79.241, -1.727], [-79.245, -1.723], [-79.253, -1.715], [-79.26, -1.711], [-79.272, -1.705], [-79.28, -1.7], [-79.28, -1.695], [-79.272, -1.69], [-79.264, -1.688], [-79.263, -1.676], [-79.269, -1.668], [-79.278, -1.665], [-79.291, -1.659], [-79.307, -1.657], [-79.328, -1.655], [-79.338, -1.651], [-79.346, -1.646], [-79.353, -1.641], [-79.351, -1.634], [-79.342, -1.631], [-79.325, -1.626], [-79.314, -1.618], [-79.301, -1.61], [-79.284, -1.606], [-79.274, -1.595], [-79.266, -1.584], [-79.258, -1.576], [-79.252, -1.566], [-79.251, -1.554], [-79.252, -1.546], [-79.256, -1.54], [-79.264, -1.537], [-79.272, -1.533], [-79.28, -1.529], [-79.288, -1.526], [-79.297, -1.531], [-79.302, -1.528], [-79.308, -1.524], [-79.312, -1.52], [-79.316, -1.515], [-79.318, -1.509], [-79.319, -1.505], [-79.317, -1.5], [-79.317, -1.494], [-79.321, -1.49], [-79.323, -1.486], [-79.326, -1.476], [-79.328, -1.468], [-79.33, -1.462], [-79.336, -1.461], [-79.341, -1.468], [-79.348, -1.468], [-79.351, -1.463], [-79.35, -1.458], [-79.344, -1.454], [-79.339, -1.448], [-79.334, -1.446], [-79.33, -1.444], [-79.324, -1.442], [-79.317, -1.438], [-79.312, -1.431], [-79.31, -1.426], [-79.311, -1.419], [-79.314, -1.414], [-79.317, -1.409], [-79.318, -1.4], [-79.317, -1.395], [-79.316, -1.392], [-79.31, -1.391], [-79.302, -1.392], [-79.295, -1.393], [-79.288, -1.39], [-79.286, -1.385], [-79.283, -1.362], [-79.279, -1.358], [-79.275, -1.353], [-79.274, -1.344], [-79.274, -1.335], [-79.277, -1.329], [-79.289, -1.327], [-79.301, -1.327], [-79.312, -1.324], [-79.32, -1.315], [-79.328, -1.306], [-79.334, -1.3], [-79.342, -1.299], [-79.35, -1.303], [-79.359, -1.315], [-79.365, -1.324], [-79.376, -1.33], [-79.386, -1.328], [-79.392, -1.325], [-79.393, -1.317], [-79.392, -1.311], [-79.388, -1.307], [-79.381, -1.302], [-79.374, -1.297], [-79.37, -1.292], [-79.364, -1.285], [-79.358, -1.281], [-79.353, -1.274], [-79.348, -1.264], [-79.342, -1.257], [-79.34, -1.248], [-79.336, -1.236], [-79.331, -1.225], [-79.325, -1.218], [-79.318, -1.214], [-79.301, -1.207], [-79.287, -1.198], [-79.287, -1.198], [-79.284, -1.183], [-79.286, -1.167], [-79.291, -1.159], [-79.298, -1.152], [-79.308, -1.145], [-79.318, -1.139], [-79.33, -1.133], [-79.336, -1.126], [-79.335, -1.117], [-79.33, -1.109], [-79.325, -1.098], [-79.32, -1.077], [-79.313, -1.067], [-79.309, -1.061], [-79.312, -1.056], [-79.315, -1.054], [-79.316, -1.048], [-79.315, -1.039], [-79.312, -1.033], [-79.304, -1.024], [-79.297, -1.017], [-79.295, -1.008], [-79.297, -1.002], [-79.306, -1.001], [-79.317, -0.998], [-79.317, -0.995], [-79.315, -0.986], [-79.308, -0.979], [-79.307, -0.971], [-79.31, -0.963], [-79.315, -0.958], [-79.315, -0.952], [-79.313, -0.944], [-79.309, -0.928], [-79.302, -0.911], [-79.292, -0.897], [-79.278, -0.888], [-79.266, -0.88], [-79.256, -0.876], [-79.247, -0.872], [-79.242, -0.859], [-79.239, -0.85], [-79.232, -0.838], [-79.226, -0.815], [-79.215, -0.808], [-79.2, -0.804], [-79.188, -0.785], [-79.176, -0.765], [-79.148, -0.723], [-79.137, -0.683], [-79.128, -0.653], [-79.123, -0.636], [-79.116, -0.624], [-79.11, -0.613], [-79.101, -0.602], [-79.097, -0.588], [-79.091, -0.575], [-79.09, -0.565], [-79.091, -0.557], [-79.092, -0.553], [-79.1, -0.546], [-79.109, -0.541], [-79.122, -0.54], [-79.13, -0.543], [-79.136, -0.547], [-79.143, -0.555], [-79.149, -0.562], [-79.159, -0.576], [-79.165, -0.584], [-79.179, -0.593], [-79.193, -0.601], [-79.2, -0.609], [-79.207, -0.622], [-79.216, -0.633], [-79.23, -0.639], [-79.245, -0.647], [-79.254, -0.656], [-79.268, -0.668], [-79.278, -0.681], [-79.289, -0.691], [-79.299, -0.695], [-79.31, -0.693], [-79.316, -0.691], [-79.333, -0.69], [-79.349, -0.688], [-79.357, -0.68], [-79.36, -0.673], [-79.362, -0.665], [-79.364, -0.658], [-79.363, -0.654], [-79.363, -0.646], [-79.357, -0.635], [-79.35, -0.628], [-79.348, -0.621], [-79.351, -0.611], [-79.354, -0.603], [-79.357, -0.596], [-79.36, -0.589], [-79.365, -0.579], [-79.363, -0.574], [-79.358, -0.567], [-79.354, -0.561], [-79.351, -0.556], [-79.347, -0.549], [-79.346, -0.544], [-79.353, -0.541], [-79.359, -0.54], [-79.409, -0.54], [-79.426, -0.54], [-79.441, -0.543], [-79.451, -0.547], [-79.461, -0.553], [-79.467, -0.552], [-79.468, -0.549], [-79.469, -0.548]]]}}, {"type": "Feature", "properties": {"shapeName": "Cotopaxi"}, "geometry": {"type": "Polygon", "coordinates": [[[-79.092, -0.553], [-79.091, -0.557], [-79.09, -0.565], [-79.091, -0.575], [-79.097, -0.588], [-79.101, -0.602], [-79.11, -0.613], [-79.116, -0.624], [-79.123, -0.636], [-79.128, -0.653], [-79.137, -0.683], [-79.148, -0.723], [-79.176, -0.765], [-79.188, -0.785], [-79.2, -0.804], [-79.215, -0.808], [-79.226, -0.815], [-79.232, -0.838], [-79.239, -0.85], [-79.242, -0.859], [-79.247, -0.872], [-79.256, -0.876], [-79.266, -0.88], [-79.278, -0.888], [-79.292, -0.897], [-79.302, -0.911], [-79.309, -0.928], [-79.313, -0.944], [-79.315, -0.952], [-79.315, -0.958], [-79.31, -0.963], [-79.307, -0.971], [-79.308, -0.979], [-79.315, -0.986], [-79.317, -0.995], [-79.317, -0.998], [-79.306, -1.001], [-79.297, -1.002], [-79.295, -1.008], [-79.297, -1.017], [-79.304, -1.024], [-79.312, -1.033], [-79.315, -1.039], [-79.316, -1.048], [-79.315, -1.054], [-79.312, -1.056], [-79.309, -1.061], [-79.313, -1.067], [-79.32, -1.077], [-79.325, -1.098], [-79.33, -1.109], [-79.335, -1.117], [-79.336, -1.126], [-79.33, -1.133], [-79.318, -1.139], [-79.308, -1.145], [-79.298, -1.152], [-79.291, -1.159], [-79.286, -1.167], [-79.284, -1.183], [-79.287, -1.198], [-79.283, -1.203], [-79.276, -1.205], [-79.262, -1.203], [-79.253, -1.201], [-79.246, -1.196], [-79.237, -1.189], [-79.227, -1.18], [-79.22, -1.174], [-79.205, -1.167], [-79.192, -1.166], [-79.177, -1.163], [-79.155, -1.158], [-79.15, -1.154], [-79.143, -1.154], [-79.14, -1.157], [-79.133, -1.16], [-79.127, -1.154], [-79.12, -1.152], [-79.112, -1.15], [-79.103, -1.15], [-79.094, -1.153], [-79.085, -1.159], [-79.077, -1.168], [-79.067, -1.178], [-79.058, -1.184], [-79.047, -1.188], [-79.036, -1.194], [-79.028, -1.201], [-79.021, -1.208], [-79.01, -1.212], [-78.997, -1.215], [-78.986, -1.215], [-78.974, -1.212], [-78.964, -1.208], [-78.953, -1.204], [-78.945, -1.198], [-78.937, -1.19], [-78.931, -1.184], [-78.925, -1.181], [-78.917, -1.181], [-78.908, -1.184], [-78.9, -1.188], [-78.887, -1.192], [-78.878, -1.194], [-78.878, -1.194], [-78.867, -1.189], [-78.856, -1.184], [-78.842, -1.177], [-78.834, -1.17], [-78.824, -1.164], [-78.813, -1.158], [-78.802, -1.152], [-78.79, -1.144], [-78.782, -1.142], [-78.776, -1.14], [-78.766, -1.139], [-78.762, -1.135], [-78.753, -1.13], [-78.742, -1.131], [-78.736, -1.136], [-78.729, -1.144], [-78.721, -1.147], [-78.709, -1.149], [-78.699, -1.15], [-78.693, -1.146], [-78.685, -1.144], [-78.678, -1.147], [-78.669, -1.15], [-78.661, -1.147], [-78.653, -1.141], [-78.644, -1.131], [-78.637, -1.125], [-78.63, -1.118], [-78.625, -1.112], [-78.62, -1.111], [-78.608, -1.111], [-78.598, -1.113], [-78.588, -1.118], [-78.577, -1.12], [-78.571, -1.118], [-78.567, -1.114], [-78.572, -1.109], [-78.573, -1.096], [-78.568, -1.091], [-78.568, -1.084], [-78.573, -1.077], [-78.577, -1.069], [-78.572, -1.063], [-78.567, -1.061], [-78.555, -1.056], [-78.538, -1.055], [-78.526, -1.058], [-78.516, -1.066], [-78.512, -1.076], [-78.508, -1.082], [-78.501, -1.09], [-78.495, -1.092], [-78.482, -1.089], [-78.475, -1.085], [-78.466, -1.08], [-78.457, -1.071], [-78.45, -1.062], [-78.444, -1.052], [-78.439, -1.045], [-78.431, -1.032], [-78.418, -1.017], [-78.414, -1.006], [-78.411, -0.994], [-78.41, -0.994], [-78.406, -0.986], [-78.403, -0.974], [-78.403, -0.961], [-78.409, -0.951], [-78.413, -0.941], [-78.413, -0.93], [-78.413, -0.92], [-78.417, -0.911], [-78.422, -0.906], [-78.425, -0.896], [-78.423, -0.887], [-78.418, -0.88], [-78.411, -0.871], [-78.402, -0.863], [-78.396, -0.854], [-78.395, -0.847], [-78.399, -0.843], [-78.4, -0.835], [-78.397, -0.825], [-78.393, -0.822], [-78.391, -0.811], [-78.393, -0.8], [-78.397, -0.795], [-78.402, -0.784], [-78.403, -0.773], [-78.402, -0.763], [-78.396, -0.756], [-78.393, -0.746], [-78.395, -0.739], [-78.401, -0.734], [-78.407, -0.727], [-78.413, -0.724], [-78.413, -0.714], [-78.413, -0.711], [-78.421, -0.709], [-78.431, -0.698], [-78.439, -0.688], [-78.448, -0.679], [-78.456, -0.666], [-78.464, -0.656], [-78.472, -0.65], [-78.486, -0.647], [-78.491, -0.64], [-78.501, -0.635], [-78.498, -0.622], [-78.491, -0.618], [-78.486, -0.611], [-78.488, -0.6], [-78.497, -0.593], [-78.509, -0.592], [-78.522, -0.595], [-78.536, -0.601], [-78.546, -0.605], [-78.559, -0.61], [-78.566, -0.613], [-78.577, -0.612], [-78.586, -0.606], [-78.591, -0.603], [-78.598, -0.595], [-78.605, -0.593], [-78.615, -0.596], [-78.625, -0.602], [-78.631, -0.611], [-78.636, -0.623], [-78.643, -0.635], [-78.661, -0.644], [-78.679, -0.65], [-78.696, -0.652], [-78.71, -0.651], [-78.721, -0.647], [-78.727, -0.64], [-78.733, -0.634], [-78.739, -0.629], [-78.742, -0.618], [-78.739, -0.607], [-78.733, -0.599], [-78.728, -0.592], [-78.726, -0.583], [-78.727, -0.576], [-78.731, -0.568], [-78.737, -0.56], [-78.741, -0.554], [-78.751, -0.547], [-78.769, -0.54], [-78.789, -0.537], [-78.802, -0.536], [-78.812, -0.534], [-78.822, -0.528], [-78.829, -0.521], [-78.833, -0.505], [-78.835, -0.49], [-78.84, -0.483], [-78.846, -0.477], [-78.848, -0.469], [-78.859, -0.463], [-78.864, -0.454], [-78.867, -0.443], [-78.87, -0.43], [-78.872, -0.423], [-78.878, -0.416], [-78.885, -0.411], [-78.894, -0.404], [-78.901, -0.395], [-78.902, -0.386], [-78.908, -0.38], [-78.911, -0.372], [-78.91, -0.368], [-78.908, -0.363], [-78.911, -0.356], [-78.916, -0.347], [-78.92, -0.341], [-78.925, -0.337], [-78.932, -0.336], [-78.939, -0.336], [-78.942, -0.338], [-78.939, -0.343], [-78.938, -0.351], [-78.941, -0.36], [-78.947, -0.367], [-78.953, -0.374], [-78.957, -0.381], [-78.96, -0.39], [-78.969, -0.398], [-78.987, -0.407], [-78.999, -0.413], [-79.006, -0.42], [-79.014, -0.432], [-79.016, -0.44], [-79.022, -0.455], [-79.031, -0.466], [-79.032, -0.477], [-79.029, -0.484], [-79.021, -0.491], [-79.008, -0.496], [-79.0, -0.505], [-78.999, -0.52], [-79.005, -0.529], [-79.014, -0.537], [-79.025, -0.545], [-79.034, -0.552], [-79.038, -0.559], [-79.038, -0.569], [-79.034, -0.574], [-79.033, -0.581], [-79.037, -0.584], [-79.049, -0.584], [-79.059, -0.581], [-79.07, -0.574], [-79.081, -0.561], [-79.092, -0.553], [-79.092, -0.553]]]}}, {"type": "Feature", "properties": {"shapeName": "Bolívar"}, "geometry": {"type": "Polygon", "coordinates": [[[-79.126, -2.193], [-79.118, -2.195], [-79.111, -2.194], [-79.097, -2.189], [-79.086, -2.181], [-79.074, -2.17], [-79.062, -2.155], [-79.051, -2.14], [-79.04, -2.128], [-79.032, -2.12], [-79.029, -2.102], [-79.026, -2.091], [-79.022, -2.085], [-79.023, -2.079], [-79.028, -2.075], [-79.034, -2.069], [-79.037, -2.063], [-79.041, -2.058], [-79.039, -2.048], [-79.034, -2.039], [-79.032, -2.03], [-79.03, -2.021], [-79.027, -2.013], [-79.022, -2.005], [-79.019, -1.951], [-79.013, -1.943], [-79.008, -1.929], [-79.008, -1.913], [-79.014, -1.896], [-79.02, -1.877], [-79.026, -1.866], [-79.026, -1.853], [-79.02, -1.843], [-79.018, -1.832], [-79.015, -1.824], [-79.013, -1.814], [-79.011, -1.802], [-79.012, -1.792], [-79.014, -1.784], [-79.013, -1.778], [-79.006, -1.772], [-78.996, -1.764], [-78.989, -1.758], [-78.98, -1.753], [-78.967, -1.752], [-78.944, -1.753], [-78.931, -1.756], [-78.919, -1.759], [-78.903, -1.759], [-78.886, -1.753], [-78.879, -1.746], [-78.877, -1.736], [-78.874, -1.724], [-78.868, -1.714], [-78.864, -1.703], [-78.863, -1.692], [-78.862, -1.682], [-78.857, -1.674], [-78.85, -1.667], [-78.847, -1.661], [-78.846, -1.655], [-78.85, -1.644], [-78.855, -1.636], [-78.857, -1.626], [-78.862, -1.62], [-78.872, -1.616], [-78.884, -1.611], [-78.894, -1.605], [-78.899, -1.597], [-78.901, -1.587], [-78.898, -1.576], [-78.891, -1.564], [-78.887, -1.551], [-78.884, -1.543], [-78.882, -1.534], [-78.879, -1.524], [-78.875, -1.514], [-78.871, -1.507], [-78.87, -1.498], [-78.874, -1.49], [-78.878, -1.477], [-78.883, -1.468], [-78.883, -1.468], [-78.889, -1.458], [-78.895, -1.451], [-78.903, -1.444], [-78.909, -1.436], [-78.913, -1.43], [-78.917, -1.424], [-78.924, -1.414], [-78.931, -1.409], [-78.934, -1.401], [-78.936, -1.387], [-78.939, -1.371], [-78.94, -1.361], [-78.94, -1.35], [-78.936, -1.34], [-78.931, -1.331], [-78.922, -1.324], [-78.916, -1.317], [-78.913, -1.308], [-78.909, -1.302], [-78.903, -1.295], [-78.898, -1.287], [-78.895, -1.281], [-78.89, -1.272], [-78.89, -1.266], [-78.892, -1.256], [-78.895, -1.247], [-78.898, -1.241], [-78.898, -1.231], [-78.898, -1.224], [-78.892, -1.219], [-78.886, -1.211], [-78.881, -1.205], [-78.878, -1.197], [-78.878, -1.194], [-78.878, -1.194], [-78.887, -1.192], [-78.9, -1.188], [-78.908, -1.184], [-78.917, -1.181], [-78.925, -1.181], [-78.931, -1.184], [-78.937, -1.19], [-78.945, -1.198], [-78.953, -1.204], [-78.964, -1.208], [-78.974, -1.212], [-78.986, -1.215], [-78.997, -1.215], [-79.01, -1.212], [-79.021, -1.208], [-79.028, -1.201], [-79.036, -1.194], [-79.047, -1.188], [-79.058, -1.184], [-79.067, -1.178], [-79.077, -1.168], [-79.085, -1.159], [-79.094, -1.153], [-79.103, -1.15], [-79.112, -1.15], [-79.12, -1.152], [-79.127, -1.154], [-79.133, -1.16], [-79.14, -1.157], [-79.143, -1.154], [-79.15, -1.154], [-79.155, -1.158], [-79.177, -1.163], [-79.192, -1.166], [-79.205, -1.167], [-79.22, -1.174], [-79.227, -1.18], [-79.237, -1.189], [-79.246, -1.196], [-79.253, -1.201], [-79.262, -1.203], [-79.276, -1.205], [-79.283, -1.203], [-79.287, -1.198], [-79.287, -1.198], [-79.301, -1.207], [-79.318, -1.214], [-79.325, -1.218], [-79.331, -1.225], [-79.336, -1.236], [-79.34, -1.248], [-79.342, -1.257], [-79.348, -1.264], [-79.353, -1.274], [-79.358, -1.281], [-79.364, -1.285], [-79.37, -1.292], [-79.374, -1.297], [-79.381, -1.302], [-79.388, -1.307], [-79.392, -1.311], [-79.393, -1.317], [-79.392, -1.325], [-79.386, -1.328], [-79.376, -1.33], [-79.365, -1.324], [-79.359, -1.315], [-79.35, -1.303], [-79.342, -1.299], [-79.334, -1.3], [-79.328, -1.306], [-79.32, -1.315], [-79.312, -1.324], [-79.301, -1.327], [-79.289, -1.327], [-79.277, -1.329], [-79.274, -1.335], [-79.274, -1.344], [-79.275, -1.353], [-79.279, -1.358], [-79.283, -1.362], [-79.286, -1.385], [-79.288, -1.39], [-79.295, -1.393], [-79.302, -1.392], [-79.31, -1.391], [-79.316, -1.392], [-79.317, -1.395], [-79.318, -1.4], [-79.317, -1.409], [-79.314, -1.414], [-79.311, -1.419], [-79.31, -1.426], [-79.312, -1.431], [-79.317, -1.438], [-79.324, -1.442], [-79.33, -1.444], [-79.334, -1.446], [-79.339, -1.448], [-79.344, -1.454], [-79.35, -1.458], [-79.351, -1.463], [-79.348, -1.468], [-79.341, -1.468], [-79.336, -1.461], [-79.33, -1.462], [-79.328, -1.468], [-79.326, -1.476], [-79.323, -1.486], [-79.321, -1.49], [-79.317, -1.494], [-79.317, -1.5], [-79.319, -1.505], [-79.318, -1.509], [-79.316, -1.515], [-79.312, -1.52], [-79.308, -1.524], [-79.302, -1.528], [-79.297, -1.531], [-79.288, -1.526], [-79.28, -1.529], [-79.272, -1.533], [-79.264, -1.537], [-79.256, -1.54], [-79.252, -1.546], [-79.251, -1.554], [-79.252, -1.566], [-79.258, -1.576], [-79.266, -1.584], [-79.274, -1.595], [-79.284, -1.606], [-79.301, -1.61], [-79.314, -1.618], [-79.325, -1.626], [-79.342, -1.631], [-79.351, -1.634], [-79.353, -1.641], [-79.346, -1.646], [-79.338, -1.651], [-79.328, -1.655], [-79.307, -1.657], [-79.291, -1.659], [-79.278, -1.665], [-79.269, -1.668], [-79.263, -1.676], [-79.264, -1.688], [-79.272, -1.69], [-79.28, -1.695], [-79.28, -1.7], [-79.272, -1.705], [-79.26, -1.711], [-79.253, -1.715], [-79.245, -1.723], [-79.241, -1.727], [-79.234, -1.733], [-79.23, -1.736], [-79.227, -1.739], [-79.221, -1.74], [-79.216, -1.739], [-79.208, -1.735], [-79.201, -1.737], [-79.198, -1.742], [-79.203, -1.749], [-79.21, -1.752], [-79.217, -1.755], [-79.222, -1.758], [-79.229, -1.762], [-79.234, -1.765], [-79.24, -1.77], [-79.242, -1.773], [-79.243, -1.778], [-79.24, -1.788], [-79.237, -1.797], [-79.239, -1.805], [-79.242, -1.814], [-79.245, -1.821], [-79.245, -1.824], [-79.241, -1.83], [-79.238, -1.834], [-79.233, -1.837], [-79.228, -1.843], [-79.23, -1.849], [-79.236, -1.853], [-79.239, -1.859], [-79.24, -1.9], [-79.247, -1.907], [-79.25, -1.933], [-79.258, -1.94], [-79.261, -1.947], [-79.263, -1.963], [-79.26, -1.969], [-79.253, -1.975], [-79.248, -1.988], [-79.246, -1.997], [-79.242, -2.005], [-79.237, -2.011], [-79.233, -2.018], [-79.232, -2.026], [-79.232, -2.033], [-79.229, -2.039], [-79.224, -2.045], [-79.22, -2.056], [-79.218, -2.066], [-79.216, -2.073], [-79.216, -2.081], [-79.216, -2.087], [-79.218, -2.093], [-79.216, -2.1], [-79.211, -2.103], [-79.204, -2.105], [-79.2, -2.109], [-79.195, -2.117], [-79.195, -2.132], [-79.192, -2.133], [-79.187, -2.14], [-79.181, -2.143], [-79.174, -2.141], [-79.169, -2.134], [-79.163, -2.127], [-79.155, -2.122], [-79.148, -2.122], [-79.139, -2.122], [-79.133, -2.122], [-79.125, -2.122], [-79.118, -2.126], [-79.118, -2.131], [-79.119, -2.138], [-79.119, -2.144], [-79.119, -2.151], [-79.124, -2.16], [-79.128, -2.168], [-79.128, -2.176], [-79.124, -2.18], [-79.125, -2.19], [-79.126, -2.193]]]}}, {"type": "Feature", "properties": {"shapeName": "Tungurahua"}, "geometry": {"type": "Polygon", "coordinates": [[[-78.122, -1.22], [-78.122, -1.207], [-78.127, -1.198], [-78.133, -1.193], [-78.142, -1.187], [-78.148, -1.184], [-78.156, -1.185], [-78.164, -1.187], [-78.172, -1.188], [-78.182, -1.184], [-78.188, -1.178], [-78.193, -1.166], [-78.199, -1.16], [-78.206, -1.154], [-78.211, -1.149], [-78.216, -1.144], [-78.224, -1.141], [-78.231, -1.144], [-78.239, -1.149], [-78.244, -1.152], [-78.259, -1.153], [-78.267, -1.148], [-78.272, -1.142], [-78.281, -1.14], [-78.29, -1.14], [-78.299, -1.142], [-78.305, -1.146], [-78.312, -1.151], [-78.318, -1.156], [-78.326, -1.164], [-78.338, -1.168], [-78.346, -1.169], [-78.352, -1.166], [-78.353, -1.158], [-78.351, -1.147], [-78.345, -1.142], [-78.339, -1.133], [-78.337, -1.126], [-78.336, -1.116], [-78.339, -1.11], [-78.343, -1.104], [-78.345, -1.097], [-78.343, -1.09], [-78.337, -1.085], [-78.336, -1.056], [-78.333, -1.054], [-78.327, -1.048], [-78.327, -1.044], [-78.333, -1.035], [-78.34, -1.031], [-78.347, -1.026], [-78.351, -1.018], [-78.356, -1.01], [-78.361, -1.006], [-78.39, -0.999], [-78.402, -0.997], [-78.411, -0.994], [-78.414, -1.006], [-78.418, -1.017], [-78.431, -1.032], [-78.439, -1.045], [-78.444, -1.052], [-78.45, -1.062], [-78.457, -1.071], [-78.466, -1.08], [-78.475, -1.085], [-78.482, -1.089], [-78.495, -1.092], [-78.501, -1.09], [-78.508, -1.082], [-78.512, -1.076], [-78.516, -1.066], [-78.526, -1.058], [-78.538, -1.055], [-78.555, -1.056], [-78.567, -1.061], [-78.572, -1.063], [-78.577, -1.069], [-78.573, -1.077], [-78.568, -1.084], [-78.568, -1.091], [-78.573, -1.096], [-78.572, -1.109], [-78.567, -1.114], [-78.571, -1.118], [-78.577, -1.12], [-78.588, -1.118], [-78.598, -1.113], [-78.608, -1.111], [-78.62, -1.111], [-78.625, -1.112], [-78.63, -1.118], [-78.637, -1.125], [-78.644, -1.131], [-78.653, -1.141], [-78.661, -1.147], [-78.669, -1.15], [-78.678, -1.147], [-78.685, -1.144], [-78.693, -1.146], [-78.699, -1.15], [-78.709, -1.149], [-78.721, -1.147], [-78.729, -1.144], [-78.736, -1.136], [-78.742, -1.131], [-78.753, -1.13], [-78.762, -1.135], [-78.766, -1.139], [-78.776, -1.14], [-78.782, -1.142], [-78.79, -1.144], [-78.802, -1.152], [-78.813, -1.158], [-78.824, -1.164], [-78.834, -1.17], [-78.842, -1.177], [-78.856, -1.184], [-78.867, -1.189], [-78.878, -1.194], [-78.878, -1.197], [-78.881, -1.205], [-78.886, -1.211], [-78.892, -1.219], [-78.898, -1.224], [-78.898, -1.231], [-78.898, -1.241], [-78.895, -1.247], [-78.892, -1.256], [-78.89, -1.266], [-78.89, -1.272], [-78.895, -1.281], [-78.898, -1.287], [-78.903, -1.295], [-78.909, -1.302], [-78.913, -1.308], [-78.916, -1.317], [-78.922, -1.324], [-78.931, -1.331], [-78.936, -1.34], [-78.94, -1.35], [-78.94, -1.361], [-78.939, -1.371], [-78.936, -1.387], [-78.934, -1.401], [-78.931, -1.409], [-78.924, -1.414], [-78.917, -1.424], [-78.913, -1.43], [-78.909, -1.436], [-78.903, -1.444], [-78.895, -1.451], [-78.889, -1.458], [-78.883, -1.468], [-78.876, -1.467], [-78.866, -1.468], [-78.86, -1.468], [-78.85, -1.468], [-78.84, -1.464], [-78.835, -1.461], [-78.825, -1.455], [-78.815, -1.448], [-78.81, -1.443], [-78.805, -1.438], [-78.799, -1.436], [-78.789, -1.434], [-78.775, -1.434], [-78.766, -1.436], [-78.76, -1.441], [-78.753, -1.446], [-78.747, -1.451], [-78.74, -1.456], [-78.734, -1.461], [-78.728, -1.466], [-78.721, -1.472], [-78.715, -1.479], [-78.708, -1.487], [-78.702, -1.493], [-78.692, -1.496], [-78.675, -1.499], [-78.659, -1.499], [-78.652, -1.495], [-78.645, -1.494], [-78.637, -1.495], [-78.631, -1.501], [-78.62, -1.504], [-78.611, -1.498], [-78.605, -1.492], [-78.588, -1.489], [-78.577, -1.484], [-78.57, -1.478], [-78.563, -1.475], [-78.551, -1.474], [-78.544, -1.476], [-78.533, -1.479], [-78.526, -1.476], [-78.52, -1.47], [-78.513, -1.462], [-78.507, -1.453], [-78.505, -1.446], [-78.501, -1.436], [-78.494, -1.431], [-78.486, -1.433], [-78.479, -1.44], [-78.47, -1.444], [-78.461, -1.45], [-78.451, -1.462], [-78.446, -1.468], [-78.434, -1.476], [-78.424, -1.482], [-78.408, -1.489], [-78.395, -1.493], [-78.384, -1.495], [-78.376, -1.498], [-78.37, -1.502], [-78.365, -1.508], [-78.362, -1.515], [-78.36, -1.516], [-78.355, -1.518], [-78.349, -1.515], [-78.345, -1.505], [-78.34, -1.5], [-78.327, -1.496], [-78.318, -1.492], [-78.313, -1.487], [-78.305, -1.482], [-78.297, -1.479], [-78.287, -1.482], [-78.276, -1.496], [-78.271, -1.498], [-78.261, -1.5], [-78.25, -1.498], [-78.242, -1.493], [-78.234, -1.489], [-78.226, -1.482], [-78.218, -1.475], [-78.208, -1.468], [-78.2, -1.463], [-78.191, -1.455], [-78.183, -1.449], [-78.175, -1.445], [-78.171, -1.444], [-78.161, -1.434], [-78.153, -1.423], [-78.149, -1.418], [-78.148, -1.41], [-78.146, -1.399], [-78.139, -1.39], [-78.13, -1.378], [-78.126, -1.367], [-78.121, -1.355], [-78.119, -1.333], [-78.117, -1.326], [-78.119, -1.314], [-78.12, -1.303], [-78.118, -1.289], [-78.116, -1.28], [-78.119, -1.269], [-78.122, -1.22]]]}}, {"type": "Feature", "properties": {"shapeName": "Chimborazo"}, "geometry": {"type": "Polygon", "coordinates": [[[-78.571, -2.554], [-78.566, -2.553], [-78.554, -2.552], [-78.545, -2.548], [-78.533, -2.546], [-78.513, -2.537], [-78.506, -2.527], [-78.498, -2.507], [-78.49, -2.472], [-78.487, -2.443], [-78.483, -2.435], [-78.475, -2.428], [-78.468, -2.42], [-78.469, -2.415], [-78.471, -2.414], [-78.48, -2.412], [-78.485, -2.399], [-78.491, -2.386], [-78.504, -2.376], [-78.515, -2.368], [-78.523, -2.36], [-78.532, -2.35], [-78.543, -2.341], [-78.556, -2.336], [-78.571, -2.331], [-78.582, -2.326], [-78.587, -2.322], [-78.586, -2.316], [-78.578, -2.308], [-78.569, -2.304], [-78.557, -2.301], [-78.549, -2.298], [-78.544, -2.292], [-78.541, -2.264], [-78.538, -2.249], [-78.531, -2.244], [-78.518, -2.242], [-78.498, -2.235], [-78.491, -2.222], [-78.492, -2.214], [-78.496, -2.204], [-78.502, -2.194], [-78.508, -2.186], [-78.516, -2.176], [-78.52, -2.17], [-78.521, -2.164], [-78.52, -2.157], [-78.52, -2.155], [-78.518, -2.148], [-78.514, -2.139], [-78.505, -2.13], [-78.49, -2.121], [-78.477, -2.119], [-78.457, -2.116], [-78.448, -2.11], [-78.44, -2.095], [-78.441, -2.084], [-78.445, -2.071], [-78.448, -2.063], [-78.453, -2.054], [-78.455, -2.044], [-78.454, -2.036], [-78.45, -2.026], [-78.442, -2.018], [-78.442, -2.013], [-78.446, -2.004], [-78.455, -1.996], [-78.464, -1.996], [-78.468, -2.001], [-78.475, -2.0], [-78.482, -1.995], [-78.489, -1.983], [-78.49, -1.974], [-78.49, -1.964], [-78.485, -1.956], [-78.476, -1.948], [-78.467, -1.94], [-78.461, -1.926], [-78.451, -1.917], [-78.437, -1.91], [-78.421, -1.898], [-78.411, -1.884], [-78.404, -1.875], [-78.401, -1.865], [-78.402, -1.854], [-78.41, -1.842], [-78.414, -1.835], [-78.42, -1.828], [-78.423, -1.82], [-78.425, -1.809], [-78.429, -1.801], [-78.434, -1.793], [-78.441, -1.781], [-78.448, -1.771], [-78.454, -1.766], [-78.461, -1.758], [-78.463, -1.752], [-78.463, -1.741], [-78.455, -1.732], [-78.449, -1.721], [-78.444, -1.708], [-78.439, -1.699], [-78.43, -1.687], [-78.417, -1.681], [-78.412, -1.674], [-78.409, -1.667], [-78.401, -1.661], [-78.385, -1.653], [-78.374, -1.65], [-78.367, -1.637], [-78.367, -1.621], [-78.37, -1.609], [-78.375, -1.601], [-78.377, -1.594], [-78.377, -1.586], [-78.377, -1.578], [-78.378, -1.57], [-78.38, -1.565], [-78.38, -1.55], [-78.379, -1.545], [-78.376, -1.538], [-78.372, -1.533], [-78.368, -1.526], [-78.362, -1.52], [-78.36, -1.516], [-78.362, -1.515], [-78.365, -1.508], [-78.37, -1.502], [-78.376, -1.498], [-78.384, -1.495], [-78.395, -1.493], [-78.408, -1.489], [-78.424, -1.482], [-78.434, -1.476], [-78.446, -1.468], [-78.451, -1.462], [-78.461, -1.45], [-78.47, -1.444], [-78.479, -1.44], [-78.486, -1.433], [-78.494, -1.431], [-78.501, -1.436], [-78.505, -1.446], [-78.507, -1.453], [-78.513, -1.462], [-78.52, -1.47], [-78.526, -1.476], [-78.533, -1.479], [-78.544, -1.476], [-78.551, -1.474], [-78.563, -1.475], [-78.57, -1.478], [-78.577, -1.484], [-78.588, -1.489], [-78.605, -1.492], [-78.611, -1.498], [-78.62, -1.504], [-78.631, -1.501], [-78.637, -1.495], [-78.645, -1.494], [-78.652, -1.495], [-78.659, -1.499], [-78.675, -1.499], [-78.692, -1.496], [-78.702, -1.493], [-78.708, -1.487], [-78.715, -1.479], [-78.721, -1.472], [-78.728, -1.466], [-78.734, -1.461], [-78.74, -1.456], [-78.747, -1.451], [-78.753, -1.446], [-78.76, -1.441], [-78.766, -1.436], [-78.775, -1.434], [-78.789, -1.434], [-78.799, -1.436], [-78.805, -1.438], [-78.81, -1.443], [-78.815, -1.448], [-78.825, -1.455], [-78.835, -1.461], [-78.84, -1.464], [-78.85, -1.468], [-78.86, -1.468], [-78.866, -1.468], [-78.876, -1.467], [-78.883, -1.468], [-78.883, -1.468], [-78.878, -1.477], [-78.874, -1.49], [-78.87, -1.498], [-78.871, -1.507], [-78.875, -1.514], [-78.879, -1.524], [-78.882, -1.534], [-78.884, -1.543], [-78.887, -1.551], [-78.891, -1.564], [-78.898, -1.576], [-78.901, -1.587], [-78.899, -1.597], [-78.894, -1.605], [-78.884, -1.611], [-78.872, -1.616], [-78.862, -1.62], [-78.857, -1.626], [-78.855, -1.636], [-78.85, -1.644], [-78.846, -1.655], [-78.847, -1.661], [-78.85, -1.667], [-78.857, -1.674], [-78.862, -1.682], [-78.863, -1.692], [-78.864, -1.703], [-78.868, -1.714], [-78.874, -1.724], [-78.877, -1.736], [-78.879, -1.746], [-78.886, -1.753], [-78.903, -1.759], [-78.919, -1.759], [-78.931, -1.756], [-78.944, -1.753], [-78.967, -1.752], [-78.98, -1.753], [-78.989, -1.758], [-78.996, -1.764], [-79.006, -1.772], [-79.013, -1.778], [-79.014, -1.784], [-79.012, -1.792], [-79.011, -1.802], [-79.013, -1.814], [-79.015, -1.824], [-79.018, -1.832], [-79.02, -1.843], [-79.026, -1.853], [-79.026, -1.866], [-79.02, -1.877], [-79.014, -1.896], [-79.008, -1.913], [-79.008, -1.929], [-79.013, -1.943], [-79.019, -1.951], [-79.022, -2.005], [-79.027, -2.013], [-79.03, -2.021], [-79.032, -2.03], [-79.034, -2.039], [-79.039, -2.048], [-79.041, -2.058], [-79.037, -2.063], [-79.034, -2.069], [-79.028, -2.075], [-79.023, -2.079], [-79.022, -2.085], [-79.026, -2.091], [-79.029, -2.102], [-79.032, -2.12], [-79.04, -2.128], [-79.051, -2.14], [-79.062, -2.155], [-79.074, -2.17], [-79.086, -2.181], [-79.097, -2.189], [-79.111, -2.194], [-79.118, -2.195], [-79.126, -2.193], [-79.127, -2.195], [-79.134, -2.202], [-79.146, -2.202], [-79.165, -2.202], [-79.176, -2.2], [-79.184, -2.195], [-79.196, -2.194], [-79.206, -2.197], [-79.223, -2.197], [-79.233, -2.196], [-79.246, -2.196], [-79.25, -2.2], [-79.251, -2.205], [-79.25, -2.212], [-79.249, -2.218], [-79.242, -2.22], [-79.229, -2.219], [-79.221, -2.215], [-79.211, -2.211], [-79.199, -2.21], [-79.189, -2.213], [-79.182, -2.215], [-79.171, -2.216], [-79.159, -2.215], [-79.146, -2.214], [-79.14, -2.216], [-79.136, -2.224], [-79.137, -2.236], [-79.133, -2.236], [-79.124, -2.243], [-79.117, -2.248], [-79.107, -2.254], [-79.101, -2.261], [-79.095, -2.267], [-79.092, -2.276], [-79.086, -2.284], [-79.082, -2.288], [-79.075, -2.292], [-79.07, -2.295], [-79.064, -2.304], [-79.06, -2.312], [-79.055, -2.319], [-79.048, -2.325], [-79.042, -2.338], [-79.031, -2.352], [-79.022, -2.362], [-79.014, -2.37], [-79.008, -2.376], [-79.002, -2.378], [-78.993, -2.378], [-78.982, -2.378], [-78.969, -2.382], [-78.96, -2.385], [-78.949, -2.388], [-78.941, -2.392], [-78.935, -2.397], [-78.926, -2.402], [-78.919, -2.403], [-78.908, -2.409], [-78.902, -2.41], [-78.895, -2.408], [-78.889, -2.401], [-78.885, -2.399], [-78.873, -2.397], [-78.859, -2.397], [-78.847, -2.395], [-78.836, -2.393], [-78.829, -2.387], [-78.825, -2.382], [-78.817, -2.379], [-78.805, -2.38], [-78.797, -2.386], [-78.793, -2.395], [-78.791, -2.401], [-78.793, -2.406], [-78.793, -2.415], [-78.79, -2.421], [-78.786, -2.428], [-78.78, -2.433], [-78.774, -2.435], [-78.767, -2.432], [-78.762, -2.428], [-78.752, -2.428], [-78.747, -2.434], [-78.736, -2.434], [-78.731, -2.432], [-78.726, -2.426], [-78.717, -2.422], [-78.713, -2.426], [-78.706, -2.434], [-78.698, -2.444], [-78.688, -2.447], [-78.678, -2.449], [-78.669, -2.452], [-78.665, -2.46], [-78.662, -2.468], [-78.657, -2.479], [-78.654, -2.484], [-78.647, -2.493], [-78.638, -2.498], [-78.629, -2.502], [-78.621, -2.509], [-78.616, -2.514], [-78.611, -2.521], [-78.605, -2.526], [-78.598, -2.531], [-78.588, -2.535], [-78.582, -2.537], [-78.576, -2.541], [-78.572, -2.55], [-78.571, -2.554]]]}}, {"type": "Feature", "properties": {"shapeName": "Morona Santiago"}, "geometry": {"type": "Polygon", "coordinates": [[[-78.175, -1.445], [-78.183, -1.449], [-78.191, -1.455], [-78.2, -1.463], [-78.208, -1.468], [-78.218, -1.475], [-78.226, -1.482], [-78.234, -1.489], [-78.242, -1.493], [-78.25, -1.498], [-78.261, -1.5], [-78.271, -1.498], [-78.276, -1.496], [-78.287, -1.482], [-78.297, -1.479], [-78.305, -1.482], [-78.313, -1.487], [-78.318, -1.492], [-78.327, -1.496], [-78.34, -1.5], [-78.345, -1.505], [-78.349, -1.515], [-78.355, -1.518], [-78.36, -1.516], [-78.362, -1.52], [-78.368, -1.526], [-78.372, -1.533], [-78.376, -1.538], [-78.379, -1.545], [-78.38, -1.55], [-78.38, -1.565], [-78.378, -1.57], [-78.377, -1.578], [-78.377, -1.586], [-78.377, -1.594], [-78.375, -1.601], [-78.37, -1.609], [-78.367, -1.621], [-78.367, -1.637], [-78.374, -1.65], [-78.385, -1.653], [-78.401, -1.661], [-78.409, -1.667], [-78.412, -1.674], [-78.417, -1.681], [-78.43, -1.687], [-78.439, -1.699], [-78.444, -1.708], [-78.449, -1.721], [-78.455, -1.732], [-78.463, -1.741], [-78.463, -1.752], [-78.461, -1.758], [-78.454, -1.766], [-78.448, -1.771], [-78.441, -1.781], [-78.434, -1.793], [-78.429, -1.801], [-78.425, -1.809], [-78.423, -1.82], [-78.42, -1.828], [-78.414, -1.835], [-78.41, -1.842], [-78.402, -1.854], [-78.401, -1.865], [-78.404, -1.875], [-78.411, -1.884], [-78.421, -1.898], [-78.437, -1.91], [-78.451, -1.917], [-78.461, -1.926], [-78.467, -1.94], [-78.476, -1.948], [-78.485, -1.956], [-78.49, -1.964], [-78.49, -1.974], [-78.489, -1.983], [-78.482, -1.995], [-78.475, -2.0], [-78.468, -2.001], [-78.464, -1.996], [-78.455, -1.996], [-78.446, -2.004], [-78.442, -2.013], [-78.442, -2.018], [-78.45, -2.026], [-78.454, -2.036], [-78.455, -2.044], [-78.453, -2.054], [-78.448, -2.063], [-78.445, -2.071], [-78.441, -2.084], [-78.44, -2.095], [-78.448, -2.11], [-78.457, -2.116], [-78.477, -2.119], [-78.49, -2.121], [-78.505, -2.13], [-78.514, -2.139], [-78.518, -2.148], [-78.52, -2.155], [-78.52, -2.157], [-78.521, -2.164], [-78.52, -2.17], [-78.516, -2.176], [-78.508, -2.186], [-78.502, -2.194], [-78.496, -2.204], [-78.492, -2.214], [-78.491, -2.222], [-78.498, -2.235], [-78.518, -2.242], [-78.531, -2.244], [-78.538, -2.249], [-78.541, -2.264], [-78.544, -2.292], [-78.549, -2.298], [-78.557, -2.301], [-78.569, -2.304], [-78.578, -2.308], [-78.586, -2.316], [-78.587, -2.322], [-78.582, -2.326], [-78.571, -2.331], [-78.556, -2.336], [-78.543, -2.341], [-78.532, -2.35], [-78.523, -2.36], [-78.515, -2.368], [-78.504, -2.376], [-78.491, -2.386], [-78.485, -2.399], [-78.48, -2.412], [-78.471, -2.414], [-78.469, -2.415], [-78.468, -2.42], [-78.475, -2.428], [-78.483, -2.435], [-78.487, -2.443], [-78.49, -2.472], [-78.498, -2.507], [-78.506, -2.527], [-78.513, -2.537], [-78.533, -2.546], [-78.545, -2.548], [-78.554, -2.552], [-78.566, -2.553], [-78.571, -2.554], [-78.568, -2.564], [-78.567, -2.563], [-78.564, -2.564], [-78.561, -2.574], [-78.561, -2.582], [-78.565, -2.592], [-78.563, -2.601], [-78.558, -2.609], [-78.552, -2.614], [-78.545, -2.62], [-78.538, -2.622], [-78.529, -2.623], [-78.524, -2.616], [-78.52, -2.607], [-78.52, -2.601], [-78.517, -2.59], [-78.511, -2.584], [-78.504, -2.576], [-78.496, -2.572], [-78.486, -2.572], [-78.473, -2.576], [-78.464, -2.583], [-78.451, -2.591], [-78.441, -2.595], [-78.433, -2.604], [-78.429, -2.61], [-78.424, -2.619], [-78.424, -2.628], [-78.432, -2.64], [-78.445, -2.652], [-78.461, -2.658], [-78.469, -2.661], [-78.48, -2.656], [-78.49, -2.657], [-78.501, -2.665], [-78.507, -2.673], [-78.512, -2.681], [-78.522, -2.689], [-78.538, -2.692], [-78.551, -2.697], [-78.564, -2.7], [-78.571, -2.707], [-78.581, -2.723], [-78.587, -2.738], [-78.592, -2.748], [-78.594, -2.759], [-78.601, -2.765], [-78.609, -2.774], [-78.61, -2.786], [-78.603, -2.799], [-78.596, -2.806], [-78.588, -2.815], [-78.576, -2.827], [-78.571, -2.841], [-78.576, -2.853], [-78.59, -2.866], [-78.603, -2.886], [-78.612, -2.899], [-78.621, -2.912], [-78.626, -2.913], [-78.627, -2.92], [-78.628, -2.93], [-78.63, -2.94], [-78.634, -2.949], [-78.635, -2.958], [-78.633, -2.967], [-78.634, -2.976], [-78.642, -2.984], [-78.652, -2.992], [-78.657, -3.0], [-78.661, -3.018], [-78.669, -3.026], [-78.671, -3.031], [-78.67, -3.061], [-78.678, -3.071], [-78.682, -3.084], [-78.685, -3.096], [-78.693, -3.109], [-78.7, -3.115], [-78.72, -3.12], [-78.74, -3.124], [-78.755, -3.13], [-78.761, -3.136], [-78.767, -3.148], [-78.773, -3.162], [-78.783, -3.185], [-78.8, -3.203], [-78.81, -3.217], [-78.818, -3.227], [-78.824, -3.234], [-78.833, -3.238], [-78.843, -3.236], [-78.846, -3.229], [-78.851, -3.227], [-78.861, -3.233], [-78.868, -3.244], [-78.879, -3.249], [-78.893, -3.257], [-78.899, -3.263], [-78.907, -3.268], [-78.918, -3.274], [-78.93, -3.28], [-78.932, -3.283], [-78.937, -3.292], [-78.942, -3.303], [-78.945, -3.315], [-78.945, -3.328], [-78.945, -3.344], [-78.944, -3.344], [-78.932, -3.353], [-78.925, -3.362], [-78.916, -3.372], [-78.91, -3.387], [-78.906, -3.393], [-78.896, -3.399], [-78.887, -3.413], [-78.882, -3.423], [-78.881, -3.439], [-78.875, -3.463], [-78.869, -3.482], [-78.866, -3.501], [-78.86, -3.514], [-78.85, -3.518], [-78.84, -3.53], [-78.834, -3.543], [-78.825, -3.549], [-78.816, -3.55], [-78.808, -3.546], [-78.797, -3.547], [-78.787, -3.554], [-78.774, -3.562], [-78.763, -3.568], [-78.752, -3.569], [-78.744, -3.568], [-78.734, -3.564], [-78.723, -3.564], [-78.714, -3.57], [-78.704, -3.578], [-78.696, -3.584], [-78.687, -3.587], [-78.68, -3.584], [-78.676, -3.574], [-78.67, -3.566], [-78.663, -3.554], [-78.655, -3.546], [-78.641, -3.537], [-78.628, -3.535], [-78.614, -3.538], [-78.601, -3.545], [-78.586, -3.548], [-78.57, -3.547], [-78.554, -3.544], [-78.542, -3.539], [-78.534, -3.535], [-78.527, -3.531], [-78.519, -3.528], [-78.37, -3.526], [-78.368, -3.522], [-78.365, -3.512], [-78.361, -3.496], [-78.359, -3.479], [-78.355, -3.464], [-78.351, -3.455], [-78.351, -3.439], [-78.354, -3.428], [-78.357, -3.41], [-78.356, -3.403], [-78.352, -3.399], [-78.349, -3.393], [-78.348, -3.382], [-78.344, -3.378], [-78.336, -3.378], [-78.327, -3.381], [-78.319, -3.385], [-78.31, -3.39], [-78.301, -3.393], [-78.282, -3.397], [-78.253, -3.407], [-78.246, -3.414], [-78.24, -3.425], [-78.235, -3.435], [-78.231, -3.453], [-78.228, -3.494], [-78.225, -3.501], [-78.219, -3.506], [-78.211, -3.507], [-78.201, -3.503], [-78.188, -3.496], [-78.178, -3.491], [-78.162, -3.484], [-78.153, -3.477], [-78.147, -3.469], [-78.144, -3.463], [-78.145, -3.456], [-78.147, -3.446], [-78.148, -3.442], [-78.151, -3.435], [-78.153, -3.424], [-78.156, -3.415], [-78.159, -3.412], [-78.165, -3.409], [-78.173, -3.404], [-78.179, -3.399], [-78.184, -3.391], [-78.188, -3.385], [-78.19, -3.377], [-78.193, -3.369], [-78.195, -3.364], [-78.192, -3.358], [-78.183, -3.355], [-78.176, -3.352], [-78.167, -3.345], [-78.16, -3.338], [-78.153, -3.331], [-78.144, -3.32], [-78.132, -3.306], [-78.123, -3.295], [-78.115, -3.285], [-78.111, -3.276], [-78.108, -3.269], [-78.102, -3.258], [-78.098, -3.25], [-78.094, -3.242], [-78.09, -3.235], [-78.089, -3.229], [-78.089, -3.222], [-78.087, -3.216], [-78.085, -3.216], [-78.079, -3.219], [-78.076, -3.221], [-78.072, -3.222], [-78.062, -3.22], [-78.055, -3.214], [-78.049, -3.208], [-78.042, -3.2], [-78.037, -3.193], [-78.032, -3.187], [-78.028, -3.183], [-78.019, -3.183], [-78.017, -3.185], [-78.011, -3.187], [-78.006, -3.183], [-78.003, -3.18], [-78.005, -3.175], [-78.008, -3.172], [-78.01, -3.164], [-78.007, -3.157], [-78.004, -3.151], [-77.996, -3.144], [-77.992, -3.139], [-77.987, -3.128], [-77.984, -3.121], [-77.973, -3.11], [-77.968, -3.103], [-77.957, -3.089], [-77.926, -3.066], [-77.889, -3.034], [-77.85, -3.0], [-77.825, -2.986], [-77.76, -2.965], [-77.665, -2.932], [-77.573, -2.901], [-77.506, -2.878], [-77.405, -2.848], [-77.221, -2.79], [-76.966, -2.705], [-76.777, -2.641], [-76.707, -2.614], [-76.696, -2.611], [-76.703, -2.602], [-76.713, -2.595], [-76.722, -2.588], [-76.729, -2.579], [-76.734, -2.568], [-76.738, -2.562], [-76.745, -2.56], [-76.751, -2.562], [-76.757, -2.563], [-76.764, -2.561], [-76.767, -2.557], [-76.777, -2.557], [-76.784, -2.562], [-76.791, -2.571], [-76.802, -2.572], [-76.811, -2.566], [-76.817, -2.554], [-76.821, -2.543], [-76.827, -2.54], [-76.838, -2.546], [-76.848, -2.557], [-76.859, -2.559], [-76.871, -2.561], [-76.876, -2.564], [-76.883, -2.563], [-76.888, -2.562], [-76.893, -2.559], [-76.902, -2.561], [-76.909, -2.563], [-76.918, -2.565], [-76.924, -2.56], [-76.93, -2.554], [-76.94, -2.55], [-76.947, -2.545], [-76.954, -2.535], [-76.96, -2.525], [-76.966, -2.518], [-76.98, -2.515], [-76.992, -2.515], [-76.994, -2.507], [-76.994, -2.495], [-76.995, -2.485], [-76.999, -2.474], [-77.001, -2.466], [-77.006, -2.46], [-77.016, -2.454], [-77.029, -2.447], [-77.037, -2.435], [-77.043, -2.418], [-77.052, -2.404], [-77.061, -2.392], [-77.07, -2.379], [-77.078, -2.361], [-77.088, -2.347], [-77.094, -2.336], [-77.104, -2.327], [-77.114, -2.318], [-77.126, -2.312], [-77.135, -2.308], [-77.144, -2.302], [-77.152, -2.3], [-77.165, -2.297], [-77.175, -2.291], [-77.19, -2.277], [-77.2, -2.27], [-77.213, -2.265], [-77.234, -2.253], [-77.249, -2.24], [-77.264, -2.224], [-77.276, -2.209], [-77.293, -2.195], [-77.302, -2.189], [-77.313, -2.182], [-77.327, -2.176], [-77.343, -2.165], [-77.356, -2.161], [-77.371, -2.159], [-77.379, -2.158], [-77.389, -2.152], [-77.402, -2.148], [-77.412, -2.144], [-77.421, -2.135], [-77.427, -2.125], [-77.43, -2.116], [-77.431, -2.108], [-77.438, -2.102], [-77.444, -2.098], [-77.455, -2.099], [-77.463, -2.101], [-77.473, -2.103], [-77.484, -2.103], [-77.491, -2.099], [-77.497, -2.094], [-77.502, -2.089], [-77.511, -2.085], [-77.519, -2.082], [-77.532, -2.078], [-77.54, -2.075], [-77.549, -2.075], [-77.558, -2.077], [-77.57, -2.076], [-77.577, -2.074], [-77.581, -2.07], [-77.586, -2.064], [-77.594, -2.056], [-77.6, -2.052], [-77.607, -2.05], [-77.618, -2.043], [-77.629, -2.041], [-77.641, -2.044], [-77.649, -2.049], [-77.66, -2.052], [-77.671, -2.047], [-77.681, -2.042], [-77.689, -2.035], [-77.699, -2.029], [-77.711, -2.024], [-77.721, -2.016], [-77.726, -2.008], [-77.729, -1.992], [-77.734, -1.986], [-77.745, -1.982], [-77.758, -1.978], [-77.769, -1.973], [-77.777, -1.967], [-77.785, -1.96], [-77.791, -1.949], [-77.797, -1.936], [-77.807, -1.928], [-77.818, -1.924], [-77.824, -1.878], [-77.833, -1.858], [-77.836, -1.852], [-77.845, -1.84], [-77.853, -1.827], [-77.856, -1.816], [-77.859, -1.804], [-77.863, -1.791], [-77.869, -1.771], [-77.877, -1.763], [-77.884, -1.759], [-77.881, -1.748], [-77.881, -1.73], [-77.884, -1.711], [-77.887, -1.696], [-77.899, -1.683], [-77.907, -1.674], [-77.919, -1.662], [-77.931, -1.658], [-77.947, -1.659], [-77.96, -1.663], [-77.975, -1.671], [-77.994, -1.674], [-78.017, -1.672], [-78.029, -1.661], [-78.034, -1.646], [-78.039, -1.625], [-78.045, -1.606], [-78.049, -1.58], [-78.054, -1.561], [-78.063, -1.535], [-78.071, -1.523], [-78.08, -1.508], [-78.093, -1.49], [-78.105, -1.476], [-78.116, -1.464], [-78.131, -1.455], [-78.144, -1.453], [-78.158, -1.45], [-78.175, -1.445]]]}}, {"type": "Feature", "properties": {"shapeName": "Napo"}, "geometry": {"type": "Polygon", "coordinates": [[[-77.07, -1.012], [-77.067, -1.011], [-77.06, -1.007], [-77.053, -1.001], [-77.048, -0.996], [-77.049, -0.988], [-77.061, -0.982], [-77.069, -0.975], [-77.072, -0.963], [-77.063, -0.953], [-77.055, -0.948], [-77.046, -0.942], [-77.037, -0.931], [-77.035, -0.92], [-77.046, -0.913], [-77.06, -0.912], [-77.08, -0.912], [-77.095, -0.912], [-77.115, -0.906], [-77.131, -0.9], [-77.145, -0.892], [-77.155, -0.883], [-77.165, -0.874], [-77.173, -0.864], [-77.178, -0.858], [-77.186, -0.854], [-77.189, -0.847], [-77.19, -0.837], [-77.194, -0.829], [-77.199, -0.823], [-77.206, -0.811], [-77.202, -0.8], [-77.193, -0.788], [-77.184, -0.775], [-77.177, -0.768], [-77.167, -0.764], [-77.157, -0.759], [-77.148, -0.754], [-77.135, -0.743], [-77.124, -0.73], [-77.119, -0.726], [-77.113, -0.716], [-77.112, -0.707], [-77.114, -0.701], [-77.121, -0.694], [-77.131, -0.69], [-77.143, -0.692], [-77.151, -0.697], [-77.157, -0.706], [-77.164, -0.713], [-77.171, -0.72], [-77.18, -0.732], [-77.189, -0.744], [-77.198, -0.755], [-77.209, -0.765], [-77.219, -0.768], [-77.229, -0.775], [-77.237, -0.786], [-77.244, -0.792], [-77.255, -0.802], [-77.258, -0.809], [-77.263, -0.82], [-77.268, -0.831], [-77.284, -0.836], [-77.294, -0.84], [-77.315, -0.843], [-77.333, -0.85], [-77.343, -0.856], [-77.356, -0.866], [-77.368, -0.876], [-77.383, -0.887], [-77.397, -0.889], [-77.417, -0.892], [-77.43, -0.896], [-77.439, -0.898], [-77.451, -0.904], [-77.458, -0.911], [-77.467, -0.918], [-77.477, -0.93], [-77.485, -0.935], [-77.494, -0.94], [-77.504, -0.944], [-77.51, -0.946], [-77.518, -0.947], [-77.529, -0.945], [-77.536, -0.943], [-77.549, -0.942], [-77.559, -0.94], [-77.571, -0.935], [-77.583, -0.932], [-77.586, -0.929], [-77.59, -0.923], [-77.589, -0.917], [-77.582, -0.915], [-77.574, -0.912], [-77.563, -0.908], [-77.553, -0.902], [-77.545, -0.891], [-77.543, -0.88], [-77.54, -0.872], [-77.536, -0.857], [-77.531, -0.845], [-77.524, -0.831], [-77.517, -0.823], [-77.514, -0.813], [-77.517, -0.806], [-77.526, -0.8], [-77.536, -0.795], [-77.539, -0.791], [-77.538, -0.778], [-77.531, -0.77], [-77.526, -0.762], [-77.523, -0.746], [-77.521, -0.736], [-77.517, -0.73], [-77.508, -0.724], [-77.497, -0.715], [-77.492, -0.705], [-77.494, -0.697], [-77.5, -0.692], [-77.507, -0.683], [-77.511, -0.677], [-77.516, -0.667], [-77.521, -0.661], [-77.524, -0.651], [-77.525, -0.643], [-77.527, -0.635], [-77.528, -0.628], [-77.531, -0.621], [-77.537, -0.616], [-77.553, -0.614], [-77.566, -0.609], [-77.573, -0.605], [-77.584, -0.593], [-77.587, -0.581], [-77.591, -0.569], [-77.598, -0.564], [-77.604, -0.561], [-77.615, -0.557], [-77.62, -0.551], [-77.619, -0.543], [-77.614, -0.538], [-77.606, -0.535], [-77.6, -0.532], [-77.595, -0.526], [-77.591, -0.518], [-77.588, -0.512], [-77.585, -0.508], [-77.578, -0.504], [-77.568, -0.5], [-77.56, -0.496], [-77.557, -0.488], [-77.558, -0.481], [-77.561, -0.475], [-77.562, -0.469], [-77.564, -0.463], [-77.561, -0.456], [-77.56, -0.454], [-77.556, -0.452], [-77.549, -0.455], [-77.54, -0.461], [-77.531, -0.471], [-77.522, -0.48], [-77.515, -0.485], [-77.504, -0.491], [-77.482, -0.499], [-77.466, -0.505], [-77.451, -0.512], [-77.438, -0.518], [-77.427, -0.519], [-77.417, -0.516], [-77.414, -0.511], [-77.404, -0.502], [-77.395, -0.496], [-77.386, -0.49], [-77.383, -0.482], [-77.379, -0.47], [-77.374, -0.463], [-77.366, -0.451], [-77.362, -0.442], [-77.361, -0.432], [-77.359, -0.427], [-77.354, -0.423], [-77.345, -0.422], [-77.332, -0.421], [-77.324, -0.418], [-77.319, -0.409], [-77.317, -0.398], [-77.318, -0.388], [-77.321, -0.38], [-77.326, -0.375], [-77.327, -0.372], [-77.327, -0.367], [-77.322, -0.361], [-77.318, -0.36], [-77.309, -0.357], [-77.303, -0.352], [-77.297, -0.346], [-77.287, -0.342], [-77.282, -0.34], [-77.275, -0.335], [-77.273, -0.328], [-77.27, -0.322], [-77.267, -0.317], [-77.259, -0.313], [-77.253, -0.307], [-77.252, -0.297], [-77.253, -0.282], [-77.255, -0.269], [-77.262, -0.262], [-77.27, -0.255], [-77.267, -0.244], [-77.264, -0.235], [-77.268, -0.222], [-77.276, -0.211], [-77.283, -0.201], [-77.288, -0.192], [-77.292, -0.184], [-77.29, -0.171], [-77.29, -0.16], [-77.287, -0.147], [-77.281, -0.14], [-77.276, -0.136], [-77.276, -0.126], [-77.281, -0.116], [-77.282, -0.103], [-77.285, -0.097], [-77.288, -0.09], [-77.292, -0.081], [-77.296, -0.073], [-77.29, -0.064], [-77.292, -0.057], [-77.296, -0.053], [-77.299, -0.056], [-77.308, -0.069], [-77.314, -0.076], [-77.322, -0.085], [-77.336, -0.108], [-77.346, -0.119], [-77.356, -0.131], [-77.363, -0.142], [-77.372, -0.146], [-77.381, -0.143], [-77.389, -0.139], [-77.4, -0.133], [-77.41, -0.128], [-77.42, -0.125], [-77.43, -0.125], [-77.44, -0.127], [-77.446, -0.131], [-77.451, -0.13], [-77.454, -0.122], [-77.453, -0.114], [-77.449, -0.109], [-77.442, -0.104], [-77.44, -0.096], [-77.442, -0.091], [-77.45, -0.086], [-77.451, -0.08], [-77.447, -0.073], [-77.442, -0.071], [-77.438, -0.066], [-77.439, -0.058], [-77.442, -0.051], [-77.445, -0.045], [-77.447, -0.03], [-77.45, -0.021], [-77.458, -0.013], [-77.467, -0.013], [-77.475, -0.016], [-77.484, -0.023], [-77.492, -0.029], [-77.497, -0.036], [-77.505, -0.043], [-77.509, -0.054], [-77.515, -0.052], [-77.523, -0.05], [-77.529, -0.051], [-77.536, -0.054], [-77.543, -0.058], [-77.55, -0.067], [-77.557, -0.076], [-77.566, -0.086], [-77.575, -0.094], [-77.584, -0.096], [-77.593, -0.091], [-77.6, -0.086], [-77.611, -0.082], [-77.629, -0.077], [-77.64, -0.073], [-77.647, -0.073], [-77.659, -0.076], [-77.671, -0.08], [-77.687, -0.081], [-77.697, -0.078], [-77.704, -0.076], [-77.708, -0.069], [-77.711, -0.058], [-77.715, -0.052], [-77.721, -0.049], [-77.728, -0.048], [-77.734, -0.049], [-77.736, -0.055], [-77.74, -0.067], [-77.746, -0.074], [-77.757, -0.078], [-77.766, -0.077], [-77.772, -0.071], [-77.775, -0.066], [-77.776, -0.057], [-77.778, -0.045], [-77.779, -0.038], [-77.783, -0.022], [-77.786, -0.019], [-77.79, -0.015], [-77.789, -0.006], [-77.788, -0.003], [-77.783, 0.002], [-77.778, 0.008], [-77.775, 0.013], [-77.774, 0.02], [-77.78, 0.027], [-77.788, 0.03], [-77.803, 0.033], [-77.809, 0.035], [-77.817, 0.039], [-77.824, 0.039], [-77.833, 0.037], [-77.84, 0.032], [-77.843, 0.032], [-77.844, 0.009], [-77.848, 0.001], [-77.858, -0.005], [-77.876, -0.011], [-77.894, -0.021], [-77.903, -0.026], [-77.907, -0.028], [-77.914, -0.031], [-77.92, -0.035], [-77.927, -0.04], [-77.937, -0.045], [-77.941, -0.049], [-77.938, -0.057], [-77.935, -0.064], [-77.931, -0.084], [-77.93, -0.091], [-77.935, -0.095], [-77.95, -0.096], [-77.953, -0.101], [-77.959, -0.108], [-77.963, -0.114], [-77.971, -0.118], [-77.979, -0.118], [-77.989, -0.114], [-77.997, -0.116], [-78.002, -0.121], [-78.006, -0.13], [-78.01, -0.137], [-78.025, -0.138], [-78.043, -0.139], [-78.046, -0.143], [-78.054, -0.151], [-78.056, -0.162], [-78.06, -0.172], [-78.067, -0.18], [-78.078, -0.185], [-78.09, -0.188], [-78.098, -0.191], [-78.104, -0.194], [-78.108, -0.186], [-78.112, -0.178], [-78.121, -0.171], [-78.13, -0.166], [-78.138, -0.164], [-78.143, -0.164], [-78.148, -0.168], [-78.154, -0.173], [-78.161, -0.18], [-78.169, -0.185], [-78.176, -0.188], [-78.181, -0.192], [-78.185, -0.199], [-78.19, -0.211], [-78.192, -0.219], [-78.188, -0.226], [-78.183, -0.232], [-78.183, -0.241], [-78.188, -0.25], [-78.188, -0.263], [-78.186, -0.283], [-78.187, -0.292], [-78.192, -0.3], [-78.196, -0.317], [-78.2, -0.324], [-78.204, -0.333], [-78.206, -0.343], [-78.214, -0.359], [-78.224, -0.371], [-78.239, -0.386], [-78.244, -0.393], [-78.249, -0.399], [-78.253, -0.41], [-78.254, -0.418], [-78.251, -0.422], [-78.244, -0.428], [-78.238, -0.438], [-78.236, -0.449], [-78.236, -0.455], [-78.239, -0.464], [-78.243, -0.47], [-78.247, -0.475], [-78.251, -0.481], [-78.255, -0.491], [-78.26, -0.504], [-78.263, -0.507], [-78.268, -0.518], [-78.262, -0.524], [-78.266, -0.532], [-78.272, -0.54], [-78.278, -0.554], [-78.284, -0.569], [-78.294, -0.577], [-78.306, -0.59], [-78.319, -0.602], [-78.323, -0.614], [-78.325, -0.635], [-78.331, -0.654], [-78.338, -0.659], [-78.354, -0.661], [-78.37, -0.664], [-78.38, -0.669], [-78.388, -0.673], [-78.393, -0.679], [-78.4, -0.688], [-78.403, -0.709], [-78.412, -0.711], [-78.413, -0.711], [-78.413, -0.714], [-78.413, -0.724], [-78.407, -0.727], [-78.401, -0.734], [-78.395, -0.739], [-78.393, -0.746], [-78.396, -0.756], [-78.402, -0.763], [-78.403, -0.773], [-78.402, -0.784], [-78.397, -0.795], [-78.393, -0.8], [-78.391, -0.811], [-78.393, -0.822], [-78.397, -0.825], [-78.4, -0.835], [-78.399, -0.843], [-78.395, -0.847], [-78.396, -0.854], [-78.402, -0.863], [-78.411, -0.871], [-78.418, -0.88], [-78.423, -0.887], [-78.425, -0.896], [-78.422, -0.906], [-78.417, -0.911], [-78.413, -0.92], [-78.413, -0.93], [-78.413, -0.941], [-78.409, -0.951], [-78.403, -0.961], [-78.403, -0.974], [-78.406, -0.986], [-78.41, -0.994], [-78.411, -0.994], [-78.402, -0.997], [-78.39, -0.999], [-78.361, -1.006], [-78.356, -1.01], [-78.351, -1.018], [-78.347, -1.026], [-78.34, -1.031], [-78.333, -1.035], [-78.327, -1.044], [-78.327, -1.048], [-78.333, -1.054], [-78.336, -1.056], [-78.337, -1.085], [-78.343, -1.09], [-78.345, -1.097], [-78.343, -1.104], [-78.339, -1.11], [-78.336, -1.116], [-78.337, -1.126], [-78.339, -1.133], [-78.345, -1.142], [-78.351, -1.147], [-78.353, -1.158], [-78.352, -1.166], [-78.346, -1.169], [-78.338, -1.168], [-78.326, -1.164], [-78.318, -1.156], [-78.312, -1.151], [-78.305, -1.146], [-78.299, -1.142], [-78.29, -1.14], [-78.281, -1.14], [-78.272, -1.142], [-78.267, -1.148], [-78.259, -1.153], [-78.244, -1.152], [-78.239, -1.149], [-78.231, -1.144], [-78.224, -1.141], [-78.216, -1.144], [-78.211, -1.149], [-78.206, -1.154], [-78.199, -1.16], [-78.193, -1.166], [-78.188, -1.178], [-78.182, -1.184], [-78.172, -1.188], [-78.164, -1.187], [-78.156, -1.185], [-78.148, -1.184], [-78.142, -1.187], [-78.133, -1.193], [-78.127, -1.198], [-78.122, -1.207], [-78.122, -1.22], [-78.108, -1.22], [-78.098, -1.224], [-78.086, -1.232], [-78.075, -1.236], [-78.064, -1.241], [-78.054, -1.242], [-78.045, -1.242], [-78.03, -1.237], [-78.02, -1.231], [-78.013, -1.226], [-77.999, -1.223], [-77.989, -1.225], [-77.979, -1.225], [-77.97, -1.22], [-77.964, -1.212], [-77.958, -1.207], [-77.951, -1.206], [-77.943, -1.211], [-77.931, -1.222], [-77.924, -1.227], [-77.914, -1.234], [-77.909, -1.238], [-77.899, -1.242], [-77.891, -1.241], [-77.888, -1.233], [-77.888, -1.225], [-77.888, -1.216], [-77.885, -1.207], [-77.877, -1.2], [-77.869, -1.2], [-77.857, -1.204], [-77.85, -1.209], [-77.843, -1.216], [-77.833, -1.215], [-77.823, -1.211], [-77.813, -1.205], [-77.801, -1.198], [-77.79, -1.192], [-77.781, -1.184], [-77.773, -1.179], [-77.763, -1.173], [-77.756, -1.17], [-77.747, -1.167], [-77.739, -1.165], [-77.732, -1.167], [-77.726, -1.171], [-77.72, -1.173], [-77.713, -1.168], [-77.708, -1.16], [-77.703, -1.153], [-77.698, -1.149], [-77.69, -1.144], [-77.683, -1.144], [-77.674, -1.144], [-77.669, -1.146], [-77.662, -1.142], [-77.656, -1.139], [-77.647, -1.138], [-77.638, -1.142], [-77.623, -1.143], [-77.612, -1.14], [-77.606, -1.136], [-77.595, -1.134], [-77.584, -1.137], [-77.576, -1.145], [-77.572, -1.149], [-77.565, -1.153], [-77.554, -1.152], [-77.545, -1.146], [-77.537, -1.138], [-77.527, -1.129], [-77.516, -1.123], [-77.504, -1.118], [-77.494, -1.114], [-77.482, -1.108], [-77.468, -1.103], [-77.455, -1.099], [-77.449, -1.091], [-77.442, -1.082], [-77.435, -1.081], [-77.422, -1.079], [-77.409, -1.08], [-77.398, -1.084], [-77.39, -1.088], [-77.38, -1.092], [-77.369, -1.097], [-77.36, -1.1], [-77.352, -1.1], [-77.343, -1.097], [-77.343, -1.091], [-77.343, -1.082], [-77.343, -1.075], [-77.335, -1.068], [-77.325, -1.067], [-77.307, -1.063], [-77.295, -1.061], [-77.275, -1.057], [-77.259, -1.056], [-77.247, -1.056], [-77.238, -1.053], [-77.234, -1.049], [-77.23, -1.043], [-77.224, -1.035], [-77.215, -1.028], [-77.2, -1.025], [-77.182, -1.022], [-77.151, -1.021], [-77.143, -1.021], [-77.136, -1.018], [-77.13, -1.015], [-77.12, -1.012], [-77.105, -1.011], [-77.091, -1.012], [-77.08, -1.013], [-77.07, -1.012]]]}}, {"type": "Feature", "properties": {"shapeName": "Orellana"}, "geometry": {"type": "Polygon", "coordinates": [[[-75.579, -1.551], [-75.576, -1.549], [-75.572, -1.552], [-75.57, -1.561], [-75.565, -1.565], [-75.56, -1.562], [-75.556, -1.552], [-75.553, -1.54], [-75.499, -1.347], [-75.453, -1.19], [-75.405, -1.025], [-75.381, -0.931], [-75.373, -0.92], [-75.362, -0.922], [-75.353, -0.93], [-75.344, -0.937], [-75.335, -0.947], [-75.324, -0.96], [-75.312, -0.971], [-75.3, -0.977], [-75.278, -0.984], [-75.266, -0.98], [-75.259, -0.975], [-75.24, -0.969], [-75.223, -0.97], [-75.193, -0.972], [-75.189, -0.966], [-75.191, -0.956], [-75.198, -0.951], [-75.204, -0.949], [-75.211, -0.943], [-75.217, -0.94], [-75.221, -0.935], [-75.225, -0.928], [-75.225, -0.921], [-75.219, -0.914], [-75.214, -0.91], [-75.211, -0.898], [-75.211, -0.884], [-75.212, -0.873], [-75.216, -0.862], [-75.219, -0.855], [-75.227, -0.851], [-75.234, -0.843], [-75.238, -0.834], [-75.238, -0.823], [-75.232, -0.815], [-75.227, -0.807], [-75.23, -0.799], [-75.237, -0.792], [-75.248, -0.788], [-75.257, -0.783], [-75.256, -0.773], [-75.249, -0.768], [-75.242, -0.764], [-75.242, -0.756], [-75.246, -0.75], [-75.251, -0.745], [-75.255, -0.741], [-75.262, -0.732], [-75.265, -0.726], [-75.266, -0.718], [-75.26, -0.708], [-75.252, -0.701], [-75.242, -0.694], [-75.239, -0.689], [-75.241, -0.684], [-75.246, -0.678], [-75.253, -0.671], [-75.258, -0.667], [-75.259, -0.66], [-75.254, -0.652], [-75.252, -0.646], [-75.242, -0.638], [-75.252, -0.636], [-75.26, -0.637], [-75.263, -0.641], [-75.268, -0.647], [-75.273, -0.646], [-75.277, -0.644], [-75.277, -0.633], [-75.278, -0.624], [-75.283, -0.622], [-75.288, -0.626], [-75.292, -0.626], [-75.3, -0.62], [-75.303, -0.615], [-75.31, -0.611], [-75.314, -0.611], [-75.323, -0.614], [-75.33, -0.615], [-75.338, -0.611], [-75.343, -0.608], [-75.348, -0.604], [-75.352, -0.6], [-75.356, -0.598], [-75.36, -0.6], [-75.368, -0.606], [-75.375, -0.602], [-75.38, -0.593], [-75.383, -0.582], [-75.387, -0.563], [-75.39, -0.56], [-75.397, -0.558], [-75.412, -0.555], [-75.423, -0.552], [-75.43, -0.546], [-75.438, -0.542], [-75.446, -0.54], [-75.453, -0.542], [-75.462, -0.548], [-75.471, -0.547], [-75.477, -0.541], [-75.481, -0.542], [-75.486, -0.547], [-75.494, -0.552], [-75.501, -0.554], [-75.508, -0.548], [-75.514, -0.54], [-75.519, -0.535], [-75.525, -0.535], [-75.533, -0.54], [-75.541, -0.538], [-75.545, -0.527], [-75.55, -0.515], [-75.556, -0.51], [-75.558, -0.502], [-75.561, -0.493], [-75.566, -0.49], [-75.57, -0.49], [-75.572, -0.493], [-75.576, -0.496], [-75.579, -0.495], [-75.582, -0.491], [-75.585, -0.486], [-75.593, -0.48], [-75.603, -0.475], [-75.608, -0.473], [-75.619, -0.468], [-75.626, -0.463], [-75.633, -0.456], [-75.636, -0.452], [-75.64, -0.448], [-75.646, -0.448], [-75.649, -0.449], [-75.657, -0.45], [-75.665, -0.457], [-75.674, -0.461], [-75.681, -0.466], [-75.689, -0.466], [-75.693, -0.463], [-75.702, -0.459], [-75.705, -0.45], [-75.711, -0.44], [-75.714, -0.434], [-75.719, -0.429], [-75.724, -0.421], [-75.729, -0.416], [-75.737, -0.414], [-75.742, -0.416], [-75.746, -0.421], [-75.753, -0.425], [-75.762, -0.429], [-75.771, -0.428], [-75.779, -0.425], [-75.789, -0.426], [-75.796, -0.427], [-75.807, -0.432], [-75.821, -0.437], [-75.834, -0.436], [-75.847, -0.424], [-75.859, -0.411], [-75.869, -0.405], [-75.882, -0.403], [-75.893, -0.401], [-75.904, -0.401], [-75.912, -0.402], [-75.921, -0.406], [-75.933, -0.41], [-75.941, -0.415], [-75.941, -0.423], [-75.94, -0.434], [-75.94, -0.446], [-75.94, -0.459], [-75.933, -0.474], [-75.93, -0.482], [-75.926, -0.489], [-75.922, -0.497], [-75.919, -0.505], [-75.918, -0.51], [-75.918, -0.522], [-75.927, -0.527], [-75.929, -0.538], [-75.927, -0.544], [-75.922, -0.546], [-75.919, -0.551], [-75.924, -0.56], [-75.936, -0.561], [-75.955, -0.56], [-75.964, -0.557], [-75.972, -0.553], [-75.982, -0.549], [-75.988, -0.545], [-75.995, -0.541], [-76.004, -0.533], [-76.01, -0.526], [-76.018, -0.522], [-76.028, -0.519], [-76.032, -0.516], [-76.04, -0.509], [-76.046, -0.5], [-76.051, -0.491], [-76.054, -0.485], [-76.058, -0.476], [-76.06, -0.471], [-76.063, -0.461], [-76.065, -0.454], [-76.069, -0.445], [-76.072, -0.441], [-76.076, -0.437], [-76.083, -0.434], [-76.09, -0.435], [-76.102, -0.439], [-76.111, -0.442], [-76.123, -0.447], [-76.13, -0.446], [-76.139, -0.443], [-76.147, -0.441], [-76.155, -0.439], [-76.167, -0.439], [-76.178, -0.439], [-76.189, -0.44], [-76.198, -0.441], [-76.207, -0.444], [-76.219, -0.449], [-76.226, -0.445], [-76.23, -0.442], [-76.239, -0.44], [-76.249, -0.441], [-76.256, -0.444], [-76.26, -0.449], [-76.269, -0.458], [-76.274, -0.464], [-76.284, -0.471], [-76.296, -0.475], [-76.31, -0.479], [-76.321, -0.483], [-76.329, -0.488], [-76.337, -0.496], [-76.348, -0.508], [-76.357, -0.513], [-76.371, -0.517], [-76.382, -0.516], [-76.391, -0.51], [-76.396, -0.502], [-76.4, -0.495], [-76.407, -0.489], [-76.411, -0.486], [-76.42, -0.482], [-76.428, -0.483], [-76.437, -0.486], [-76.453, -0.486], [-76.466, -0.483], [-76.472, -0.479], [-76.476, -0.476], [-76.481, -0.469], [-76.486, -0.464], [-76.488, -0.461], [-76.498, -0.445], [-76.507, -0.439], [-76.518, -0.435], [-76.537, -0.42], [-76.548, -0.409], [-76.56, -0.408], [-76.571, -0.412], [-76.581, -0.419], [-76.594, -0.426], [-76.604, -0.429], [-76.618, -0.426], [-76.625, -0.424], [-76.632, -0.414], [-76.632, -0.408], [-76.63, -0.403], [-76.638, -0.395], [-76.647, -0.391], [-76.659, -0.383], [-76.669, -0.374], [-76.679, -0.367], [-76.689, -0.36], [-76.699, -0.352], [-76.711, -0.347], [-76.717, -0.34], [-76.718, -0.332], [-76.725, -0.319], [-76.742, -0.305], [-76.753, -0.285], [-76.76, -0.265], [-76.763, -0.256], [-76.774, -0.246], [-76.787, -0.238], [-76.797, -0.229], [-76.805, -0.21], [-76.819, -0.198], [-76.84, -0.175], [-76.848, -0.168], [-76.857, -0.152], [-76.861, -0.147], [-76.866, -0.142], [-76.87, -0.129], [-76.874, -0.123], [-76.881, -0.117], [-76.89, -0.108], [-76.895, -0.102], [-76.9, -0.093], [-76.901, -0.081], [-76.907, -0.077], [-76.916, -0.074], [-76.923, -0.07], [-76.927, -0.063], [-76.933, -0.058], [-76.939, -0.057], [-76.948, -0.059], [-76.96, -0.062], [-76.97, -0.066], [-76.982, -0.073], [-76.995, -0.084], [-77.011, -0.093], [-77.024, -0.099], [-77.035, -0.103], [-77.046, -0.106], [-77.06, -0.106], [-77.072, -0.105], [-77.079, -0.105], [-77.089, -0.105], [-77.098, -0.102], [-77.104, -0.097], [-77.111, -0.091], [-77.114, -0.084], [-77.121, -0.082], [-77.128, -0.084], [-77.142, -0.084], [-77.151, -0.086], [-77.153, -0.089], [-77.16, -0.093], [-77.172, -0.095], [-77.186, -0.094], [-77.193, -0.093], [-77.2, -0.09], [-77.207, -0.086], [-77.214, -0.08], [-77.219, -0.074], [-77.228, -0.07], [-77.236, -0.066], [-77.247, -0.058], [-77.256, -0.053], [-77.263, -0.049], [-77.269, -0.046], [-77.273, -0.042], [-77.275, -0.039], [-77.281, -0.036], [-77.287, -0.04], [-77.29, -0.045], [-77.294, -0.051], [-77.296, -0.053], [-77.292, -0.057], [-77.29, -0.064], [-77.296, -0.073], [-77.292, -0.081], [-77.288, -0.09], [-77.285, -0.097], [-77.282, -0.103], [-77.281, -0.116], [-77.276, -0.126], [-77.276, -0.136], [-77.281, -0.14], [-77.287, -0.147], [-77.29, -0.16], [-77.29, -0.171], [-77.292, -0.184], [-77.288, -0.192], [-77.283, -0.201], [-77.276, -0.211], [-77.268, -0.222], [-77.264, -0.235], [-77.267, -0.244], [-77.27, -0.255], [-77.262, -0.262], [-77.255, -0.269], [-77.253, -0.282], [-77.252, -0.297], [-77.253, -0.307], [-77.259, -0.313], [-77.267, -0.317], [-77.27, -0.322], [-77.273, -0.328], [-77.275, -0.335], [-77.282, -0.34], [-77.287, -0.342], [-77.297, -0.346], [-77.303, -0.352], [-77.309, -0.357], [-77.318, -0.36], [-77.322, -0.361], [-77.327, -0.367], [-77.327, -0.372], [-77.326, -0.375], [-77.321, -0.38], [-77.318, -0.388], [-77.317, -0.398], [-77.319, -0.409], [-77.324, -0.418], [-77.332, -0.421], [-77.345, -0.422], [-77.354, -0.423], [-77.359, -0.427], [-77.361, -0.432], [-77.362, -0.442], [-77.366, -0.451], [-77.374, -0.463], [-77.379, -0.47], [-77.383, -0.482], [-77.386, -0.49], [-77.395, -0.496], [-77.404, -0.502], [-77.414, -0.511], [-77.417, -0.516], [-77.427, -0.519], [-77.438, -0.518], [-77.451, -0.512], [-77.466, -0.505], [-77.482, -0.499], [-77.504, -0.491], [-77.515, -0.485], [-77.522, -0.48], [-77.531, -0.471], [-77.54, -0.461], [-77.549, -0.455], [-77.556, -0.452], [-77.56, -0.454], [-77.561, -0.456], [-77.564, -0.463], [-77.562, -0.469], [-77.561, -0.475], [-77.558, -0.481], [-77.557, -0.488], [-77.56, -0.496], [-77.568, -0.5], [-77.578, -0.504], [-77.585, -0.508], [-77.588, -0.512], [-77.591, -0.518], [-77.595, -0.526], [-77.6, -0.532], [-77.606, -0.535], [-77.614, -0.538], [-77.619, -0.543], [-77.62, -0.551], [-77.615, -0.557], [-77.604, -0.561], [-77.598, -0.564], [-77.591, -0.569], [-77.587, -0.581], [-77.584, -0.593], [-77.573, -0.605], [-77.566, -0.609], [-77.553, -0.614], [-77.537, -0.616], [-77.531, -0.621], [-77.528, -0.628], [-77.527, -0.635], [-77.525, -0.643], [-77.524, -0.651], [-77.521, -0.661], [-77.516, -0.667], [-77.511, -0.677], [-77.507, -0.683], [-77.5, -0.692], [-77.494, -0.697], [-77.492, -0.705], [-77.497, -0.715], [-77.508, -0.724], [-77.517, -0.73], [-77.521, -0.736], [-77.523, -0.746], [-77.526, -0.762], [-77.531, -0.77], [-77.538, -0.778], [-77.539, -0.791], [-77.536, -0.795], [-77.526, -0.8], [-77.517, -0.806], [-77.514, -0.813], [-77.517, -0.823], [-77.524, -0.831], [-77.531, -0.845], [-77.536, -0.857], [-77.54, -0.872], [-77.543, -0.88], [-77.545, -0.891], [-77.553, -0.902], [-77.563, -0.908], [-77.574, -0.912], [-77.582, -0.915], [-77.589, -0.917], [-77.59, -0.923], [-77.586, -0.929], [-77.583, -0.932], [-77.571, -0.935], [-77.559, -0.94], [-77.549, -0.942], [-77.536, -0.943], [-77.529, -0.945], [-77.518, -0.947], [-77.51, -0.946], [-77.504, -0.944], [-77.494, -0.94], [-77.485, -0.935], [-77.477, -0.93], [-77.467, -0.918], [-77.458, -0.911], [-77.451, -0.904], [-77.439, -0.898], [-77.43, -0.896], [-77.417, -0.892], [-77.397, -0.889], [-77.383, -0.887], [-77.368, -0.876], [-77.356, -0.866], [-77.343, -0.856], [-77.333, -0.85], [-77.315, -0.843], [-77.294, -0.84], [-77.284, -0.836], [-77.268, -0.831], [-77.263, -0.82], [-77.258, -0.809], [-77.255, -0.802], [-77.244, -0.792], [-77.237, -0.786], [-77.229, -0.775], [-77.219, -0.768], [-77.209, -0.765], [-77.198, -0.755], [-77.189, -0.744], [-77.18, -0.732], [-77.171, -0.72], [-77.164, -0.713], [-77.157, -0.706], [-77.151, -0.697], [-77.143, -0.692], [-77.131, -0.69], [-77.121, -0.694], [-77.114, -0.701], [-77.112, -0.707], [-77.113, -0.716], [-77.119, -0.726], [-77.124, -0.73], [-77.135, -0.743], [-77.148, -0.754], [-77.157, -0.759], [-77.167, -0.764], [-77.177, -0.768], [-77.184, -0.775], [-77.193, -0.788], [-77.202, -0.8], [-77.206, -0.811], [-77.199, -0.823], [-77.194, -0.829], [-77.19, -0.837], [-77.189, -0.847], [-77.186, -0.854], [-77.178, -0.858], [-77.173, -0.864], [-77.165, -0.874], [-77.155, -0.883], [-77.145, -0.892], [-77.131, -0.9], [-77.115, -0.906], [-77.095, -0.912], [-77.08, -0.912], [-77.06, -0.912], [-77.046, -0.913], [-77.035, -0.92], [-77.037, -0.931], [-77.046, -0.942], [-77.055, -0.948], [-77.063, -0.953], [-77.072, -0.963], [-77.069, -0.975], [-77.061, -0.982], [-77.049, -0.988], [-77.048, -0.996], [-77.053, -1.001], [-77.06, -1.007], [-77.067, -1.011], [-77.07, -1.012], [-77.069, -1.017], [-77.073, -1.024], [-77.075, -1.032], [-77.075, -1.041], [-77.075, -1.058], [-77.068, -1.073], [-77.06, -1.082], [-77.049, -1.09], [-77.039, -1.097], [-77.031, -1.096], [-77.021, -1.095], [-77.007, -1.094], [-76.992, -1.096], [-76.981, -1.101], [-76.969, -1.109], [-76.96, -1.113], [-76.952, -1.117], [-76.942, -1.118], [-76.926, -1.12], [-76.914, -1.118], [-76.907, -1.114], [-76.9, -1.101], [-76.895, -1.094], [-76.889, -1.085], [-76.885, -1.075], [-76.88, -1.065], [-76.875, -1.06], [-76.87, -1.059], [-76.864, -1.059], [-76.854, -1.058], [-76.844, -1.056], [-76.829, -1.056], [-76.81, -1.052], [-76.796, -1.047], [-76.78, -1.042], [-76.772, -1.039], [-76.765, -1.036], [-76.756, -1.035], [-76.746, -1.032], [-76.739, -1.031], [-76.727, -1.03], [-76.72, -1.027], [-76.713, -1.021], [-76.711, -1.016], [-76.708, -1.012], [-76.705, -1.008], [-76.703, -1.003], [-76.7, -0.999], [-76.692, -0.997], [-76.68, -0.999], [-76.675, -1.001], [-76.67, -1.005], [-76.663, -1.01], [-76.655, -1.016], [-76.65, -1.02], [-76.643, -1.023], [-76.638, -1.027], [-76.635, -1.036], [-76.634, -1.057], [-76.628, -1.062], [-76.621, -1.064], [-76.616, -1.067], [-76.61, -1.069], [-76.605, -1.071], [-76.598, -1.071], [-76.589, -1.068], [-76.58, -1.065], [-76.571, -1.064], [-76.563, -1.063], [-76.555, -1.065], [-76.547, -1.066], [-76.542, -1.063], [-76.538, -1.059], [-76.535, -1.054], [-76.528, -1.053], [-76.518, -1.056], [-76.513, -1.061], [-76.513, -1.072], [-76.514, -1.08], [-76.514, -1.088], [-76.516, -1.101], [-76.518, -1.11], [-76.516, -1.123], [-76.516, -1.127], [-76.52, -1.134], [-76.526, -1.152], [-76.526, -1.186], [-76.525, -1.196], [-76.514, -1.206], [-76.502, -1.214], [-76.495, -1.219], [-76.491, -1.224], [-76.487, -1.231], [-76.482, -1.235], [-76.478, -1.243], [-76.473, -1.251], [-76.467, -1.256], [-76.46, -1.26], [-76.454, -1.264], [-76.45, -1.265], [-76.444, -1.268], [-76.44, -1.266], [-76.436, -1.263], [-76.428, -1.267], [-76.421, -1.27], [-76.414, -1.268], [-76.409, -1.265], [-76.404, -1.261], [-76.396, -1.261], [-76.387, -1.264], [-76.379, -1.27], [-76.374, -1.272], [-76.366, -1.274], [-76.364, -1.278], [-76.361, -1.286], [-76.354, -1.292], [-76.34, -1.298], [-76.335, -1.304], [-76.326, -1.305], [-76.322, -1.305], [-76.314, -1.302], [-76.305, -1.302], [-76.297, -1.308], [-76.289, -1.313], [-76.283, -1.312], [-76.278, -1.308], [-76.27, -1.305], [-76.26, -1.301], [-76.251, -1.297], [-76.239, -1.295], [-76.227, -1.295], [-76.219, -1.292], [-76.211, -1.292], [-76.198, -1.294], [-76.19, -1.292], [-76.186, -1.29], [-76.18, -1.29], [-76.173, -1.293], [-76.164, -1.298], [-76.158, -1.296], [-76.151, -1.291], [-76.147, -1.286], [-76.14, -1.282], [-76.134, -1.28], [-76.128, -1.277], [-76.119, -1.275], [-76.11, -1.274], [-76.1, -1.275], [-76.094, -1.279], [-76.088, -1.284], [-76.081, -1.29], [-76.075, -1.292], [-76.071, -1.289], [-76.065, -1.286], [-76.057, -1.288], [-76.054, -1.292], [-76.05, -1.298], [-76.041, -1.305], [-76.035, -1.309], [-76.03, -1.312], [-76.024, -1.308], [-76.014, -1.308], [-76.004, -1.312], [-75.997, -1.319], [-75.989, -1.327], [-75.981, -1.331], [-75.968, -1.339], [-75.961, -1.344], [-75.956, -1.348], [-75.946, -1.354], [-75.941, -1.357], [-75.933, -1.357], [-75.928, -1.355], [-75.923, -1.354], [-75.917, -1.355], [-75.911, -1.355], [-75.908, -1.353], [-75.899, -1.35], [-75.896, -1.343], [-75.892, -1.339], [-75.885, -1.338], [-75.878, -1.341], [-75.873, -1.348], [-75.868, -1.353], [-75.86, -1.355], [-75.851, -1.358], [-75.842, -1.364], [-75.838, -1.372], [-75.832, -1.38], [-75.827, -1.386], [-75.818, -1.389], [-75.807, -1.395], [-75.802, -1.398], [-75.797, -1.403], [-75.791, -1.405], [-75.785, -1.404], [-75.778, -1.402], [-75.769, -1.403], [-75.763, -1.406], [-75.758, -1.407], [-75.753, -1.407], [-75.745, -1.408], [-75.74, -1.413], [-75.737, -1.42], [-75.735, -1.428], [-75.732, -1.433], [-75.728, -1.439], [-75.723, -1.445], [-75.715, -1.452], [-75.712, -1.457], [-75.705, -1.456], [-75.697, -1.458], [-75.692, -1.463], [-75.687, -1.466], [-75.681, -1.469], [-75.674, -1.471], [-75.669, -1.475], [-75.663, -1.48], [-75.66, -1.485], [-75.653, -1.488], [-75.646, -1.491], [-75.64, -1.495], [-75.632, -1.499], [-75.627, -1.501], [-75.621, -1.504], [-75.614, -1.503], [-75.61, -1.501], [-75.604, -1.503], [-75.6, -1.506], [-75.597, -1.509], [-75.593, -1.514], [-75.59, -1.518], [-75.589, -1.525], [-75.588, -1.532], [-75.59, -1.541], [-75.588, -1.545], [-75.585, -1.548], [-75.58, -1.55], [-75.579, -1.551]]]}}]}